nGram,size,mormonFreq,nonMormonFreq
but not,2,3,1
and a man,3,1,5
these things and,3,3,2
them that,2,14,3
was heard,2,1,2
the cause,2,2,1
in secret,2,1,3
meet them,2,1,3
left,1,17,17
ten years,2,1,1
the earth was,3,2,3
went upon,2,2,1
of our,2,7,8
fifth,1,4,10
written by,2,2,1
name thereof,2,2,2
eleven,1,1,2
up in the,3,1,4
he slept,2,2,1
where is,2,3,2
smote the,2,1,1
shall these,2,1,1
prepare,1,3,6
not for,2,9,3
city of,2,3,12
fifty,1,2,5
this is a,3,2,1
weep,1,6,6
satan,1,33,10
his son,2,3,1
fled,1,6,28
flee,1,3,9
would,1,43,22
their wickedness,2,1,3
thee to,2,4,1
said,1,153,30
ten,1,2,31
be a,2,7,2
scanty,1,1,1
not in,2,1,2
now for,2,1,1
those days and,3,1,1
of his age,3,1,1
from the land of,4,2,3
four winds,2,1,1
came on,2,2,1
be the,2,12,3
place and,2,3,9
where he,2,1,7
gold,1,4,13
destroyed,1,3,17
prepared for,2,3,9
and cast,2,1,5
upon my,2,1,1
think to,2,1,1
for these,2,2,2
neither would,2,1,2
and when he was,4,1,1
it came to,3,59,84
object,1,2,2
day for,2,1,1
be thy,2,1,1
vengeance,1,3,2
old men,2,1,3
say unto,2,16,2
the mouth of,3,4,3
as though,2,1,3
brothers and,2,1,1
on the morning of,4,1,3
you for,2,2,1
sake,1,8,3
lord was,2,6,1
a covenant with,3,1,6
upon me,2,10,1
after,1,91,119
i will,2,37,2
others,1,3,6
a,1,240,634
ordered,1,6,10
rivers,1,2,2
the dark,2,2,3
f,1,7,3
neither the,2,1,1
city that,2,2,2
i,1,585,23
the heavens,2,22,1
o,1,3,1
gone,1,3,3
the day and,3,8,1
the,1,2233,5231
to say,2,3,1
lifted up,2,8,2
the sun and the,4,1,2
sand,1,1,4
and say,2,2,2
upon by the,3,1,1
and they were,3,9,14
the young,2,1,7
the air and,3,9,4
them go,2,1,1
and that there,3,1,1
thy,1,87,22
answered and,2,2,3
turn,1,5,1
midst of the,3,5,4
empty,1,1,1
satan and,2,3,1
built upon,2,1,2
the manner,2,6,1
same,1,27,62
of their,2,10,61
minds,1,2,3
bondage,1,1,7
characters,1,7,1
the book of,3,7,6
and talked,2,1,1
and thou shalt be a,5,1,1
hand,1,23,19
there were many,3,3,3
for there,2,2,7
and said unto,3,10,5
them it,2,1,1
making,1,1,6
quarters,1,2,4
and they shall be,4,3,4
of your,2,1,5
of the land and,4,1,1
and also,2,19,1
to go into the,4,1,2
where they,2,1,9
pennsylvania,1,3,1
the kingdom of,3,3,8
light in,2,1,1
to behold,2,1,4
but few,2,1,2
taking,1,1,4
them in,2,4,18
with fire and,3,1,5
well,1,6,23
aside,1,1,3
the angel of,3,2,2
the light,2,13,4
together in,2,1,2
first of,2,2,1
nations of,2,1,10
taught to,2,1,1
good,1,35,22
faithful,1,2,3
heaven to,2,5,2
the american,2,1,2
they should,2,9,1
was not,2,13,8
him and there,3,1,1
a messenger,2,2,3
this thing,2,3,6
suffered,1,1,11
sound of,2,2,11
to see,2,3,1
came to pass,3,59,84
truth and,2,2,1
smiled upon,2,1,1
light of,2,1,2
went,1,26,76
his name was,3,2,5
lord who,2,1,1
in the presence of,4,2,1
and now the,3,1,1
went upon the,3,2,1
and cried,2,4,1
for the benefit of,4,1,3
the wind,2,1,3
preach the gospel and,4,1,1
you my,2,2,1
not of,2,2,2
morning they,2,3,1
spoken,1,13,8
the arrival,2,1,1
to preserve,2,1,1
had commanded,2,1,1
written that,2,1,1
again on,2,2,1
come out,2,1,1
heart and,2,2,2
themselves to the,3,1,1
day that,2,8,5
said unto him,3,6,5
they knew,2,2,4
his disciples,2,2,1
said unto his,3,1,1
and in process of time,5,1,1
morning of,2,1,8
them to,2,10,31
fierce,1,2,4
he not,2,1,1
of god and,3,15,1
put to,2,1,3
hard,1,1,34
the direction of,3,1,1
order,1,9,3
direction,1,1,1
that she,2,1,2
upon us,2,3,1
circumstances,1,6,1
of god,2,69,6
wept,1,5,3
he said unto the,4,2,1
them with a,3,1,5
he was,2,16,44
had offered,2,1,2
yet his,2,1,1
of the fat,3,1,1
as it had been,4,1,1
day of,2,10,87
the land which,3,3,2
them up,2,4,1
and she,2,6,11
so the,2,2,23
were in the,3,5,6
spaniards,1,1,3
shall live,2,2,3
not hear,2,1,1
it may,2,2,2
saying unto,2,2,2
it was as,3,1,2
these things,2,25,13
rose,1,1,7
upon the land,3,1,2
thousand,1,8,87
thou shalt not,3,3,1
as it is,3,1,4
to pass when the,4,2,2
of the was,3,1,3
name for,2,2,1
and behold,2,12,2
slew him,2,3,1
protection,1,1,3
matter,1,2,6
raised up,2,1,3
a stone,2,2,2
in danger,2,1,1
men shall,2,2,1
the history,2,2,4
too,1,2,2
the hand of the,4,1,2
themselves and,2,3,4
loved,1,3,5
york and,2,2,5
field before,2,4,1
ascended,1,4,1
false prophets,2,2,2
noise,1,1,27
hath,1,19,23
glory to,2,1,1
again to,2,1,2
them they,2,1,4
great even,2,1,1
pitched,1,1,10
four hundred and fifty,4,1,1
less,1,1,3
lest,1,5,8
our hearts,2,1,1
heard these words,3,1,1
called the city,3,1,1
which they had,3,3,3
the lord in the,4,1,2
were,1,180,524
and partake,2,1,1
of the waters and,4,1,3
became,1,17,24
be upon,2,1,2
all these things,3,6,1
whose name was,3,1,40
and no man,3,2,1
the days,2,22,13
on the morning,3,1,3
by means,2,1,1
day they,2,1,4
translated,1,8,1
save,1,4,8
them by the,3,1,2
delivered them,2,2,1
the eighth,2,1,11
sight of,2,2,4
the commandment,2,3,1
and his words,3,1,1
they kept,2,1,2
state of new,3,3,3
have,1,128,48
upon them,2,4,26
now they,2,1,2
but as,2,2,3
daughters of,2,5,5
my soul,2,1,1
law,1,2,5
whence,1,3,8
lay,1,6,5
you to,2,1,3
unto a place which,4,1,1
spake and,2,4,2
in the winter,3,1,1
pray thee,2,3,1
and there was a,4,2,3
and children,2,1,5
the ways of god,4,3,1
of heaven,2,22,11
pass that when,3,2,1
set them,2,2,2
of these,2,6,12
to hide,2,1,1
try,1,1,1
the god,2,18,1
thirty,1,4,18
of which in the,4,1,3
by water,2,1,1
came to pass when,4,3,5
with more,2,1,1
children and the,3,1,2
to join,2,4,2
at this moment,3,1,1
however it was,3,1,3
pray,1,6,1
employed,1,4,3
upon,1,170,211
times,1,6,10
the earth and it was,5,4,1
west,1,3,12
in their hands,3,1,5
not to,2,2,4
name is,2,2,1
the west side of,4,1,1
these days,2,1,7
the blaze,2,1,1
again he,2,2,1
on the sabbath,3,1,2
of new york,3,5,12
but for,2,1,4
night,1,22,24
cry,1,2,1
shore,1,1,14
stars,1,7,5
the village of,3,1,6
each,1,6,7
say unto them,3,3,1
acts and,2,1,1
fashion,1,1,3
light was,2,3,1
was an,2,1,7
him the,2,1,4
fallen,1,3,7
known among the,3,1,3
stood in,2,2,1
die yet,2,1,1
had fled,2,3,1
was at,2,1,3
of the lord was,4,4,1
was as,2,2,20
the garden,2,19,1
things which they,3,1,2
he who,2,1,6
now this,2,4,7
is it not,3,1,1
the first,2,18,24
gotten,1,1,2
the sake of,3,1,1
wherein,1,4,1
led,1,4,17
righteousness for,2,2,1
him i,2,3,1
set to,2,4,1
beautiful,1,1,7
on the day of,4,3,16
and among,2,3,1
of the at,3,1,1
state,1,8,26
let,1,34,36
it fell,2,1,2
opened to,2,1,1
begin to,2,4,1
as did,2,1,2
the earth shall,3,2,3
evil which,2,1,2
it was in,3,6,2
moment,1,3,1
but if,2,1,2
watch,1,2,6
go to,2,2,3
in egypt,2,1,1
shall hear,2,2,1
my glory,2,3,1
refused,1,1,10
fixed,1,1,4
up and,2,9,6
cut,1,4,3
thing is,2,1,1
receive the,2,2,4
surely,1,10,3
and seven,2,2,7
it into,2,3,2
shall they,2,1,1
and twenty,2,2,1
two,1,21,100
of evil,2,1,1
unable,1,1,8
he called after,3,1,1
are they,2,3,9
but he,2,4,8
even the blood,3,1,1
the wisdom,2,2,4
they might not,3,1,2
desired,1,2,1
who had,2,3,22
a time,2,3,6
of moses,2,7,1
actual,1,1,1
not like,2,1,2
it was on,3,2,1
the right hand of,4,3,1
good for,2,3,1
in which they,3,1,1
made manifest,2,1,1
he could,2,1,2
and their numbers,3,1,3
district,1,1,3
are we,2,1,1
the service of,3,1,1
of religion,2,5,2
and it came,3,58,22
them was,2,1,1
was great,2,1,2
full,1,6,2
under his,2,1,2
in the presence,3,2,1
forth a,2,2,6
and thirty,2,4,1
the lord and,3,16,1
by a,2,2,17
but in,2,2,8
reflecting,1,1,1
of good and evil,4,4,1
clay,1,1,1
began to be,3,1,3
it was of,3,1,2
to the house,3,1,1
were with him,3,1,3
forth the,2,8,2
fought against,2,1,5
another and many,3,1,1
than any,2,2,1
by the,2,50,113
us and,2,4,3
his hand,2,6,3
while his,2,1,1
and he said,3,18,2
so when they,3,1,1
into thine,2,1,1
hours,1,1,10
saying behold,2,6,2
had a,2,3,2
his whole,2,1,7
any more,2,2,1
young man,2,2,4
the judgment of,3,1,2
the scriptures,2,1,1
house,1,13,7
again in,2,1,1
their sons,2,1,1
and was the,3,1,1
it was in the days,5,2,1
whole face of the earth,5,1,1
employed in,2,2,1
and called,2,7,5
against the,2,3,79
caught,1,3,6
the heart of the,4,1,3
the spirit of the,4,2,1
toil of,2,1,1
of ethiopia,2,1,1
clay and,2,1,1
their own,2,6,23
befallen them,2,1,1
hear him,2,3,1
shall know,2,2,1
in brass,2,1,1
season,1,4,2
wickedness as,2,1,1
of the great,3,4,45
they took,2,2,4
came out,2,2,4
mouth of the,3,3,4
that there was,3,2,3
eight hundred,2,11,10
time and,2,2,5
filled with the,3,2,1
me and,2,33,2
god the,2,2,1
shall ye,2,1,3
not and they,3,2,1
of all the,3,10,4
harris,1,3,1
came up,2,3,2
built,1,8,9
him upon,2,1,1
doings,1,1,1
and departed from the,4,1,2
seeking,1,2,1
face of,2,17,13
under the direction,3,1,1
heard and,2,1,1
was it,2,1,1
third,1,8,15
the morning,2,11,13
he shall,2,7,1
build,1,1,3
the first and,3,1,1
hearkened not unto,3,3,1
afar,1,3,5
that day was,3,1,10
the language of,3,2,3
and by his,3,2,1
ye go,2,1,3
away,1,19,27
recorded in the,3,1,2
go out,2,1,4
came to,2,67,98
left the,2,3,4
was in,2,12,8
host of them,3,1,1
three,1,3,38
of vermont and,3,1,1
the land,2,50,73
enter,1,2,1
things and,2,8,3
it was so,3,14,17
had the,2,3,1
in the which,3,2,2
upon by,2,2,1
had ordered,2,1,2
given unto,2,10,9
was very,2,2,1
wisdom and,2,3,1
light of the,3,1,2
means,1,1,5
name was,2,4,49
the coming,2,6,2
a young,2,1,2
he gave unto,3,2,1
not far from,3,1,1
man and,2,11,11
shall come,2,16,2
be done,2,2,3
the lamb,2,1,2
the presence of,3,10,1
covered the,2,1,1
them their,2,2,3
all the people,3,2,3
he gave,2,4,6
there came a,3,3,2
whereof,1,1,7
the evil,2,1,10
up unto,2,2,1
is written,2,2,12
of them from the,4,1,1
ninety,1,1,4
among the sons of,4,2,1
that through,2,1,1
he had heard,3,1,1
he heard,2,6,3
forty years,2,1,3
given to the,3,1,3
daughters,1,23,6
angels,1,9,1
other and,2,2,1
was four,2,1,1
the fulness,2,2,1
them for,2,5,8
wrath of,2,1,2
place where,2,6,7
he looked,2,2,2
drinking,1,2,3
think,1,6,1
bow down,2,1,2
war of,2,1,16
was troubled,2,1,1
he knew,2,3,1
world from,2,1,1
water,1,16,17
fish of,2,3,3
done,1,15,12
was no,2,3,6
blood,1,12,22
he is,2,6,5
thereof even,2,1,2
had known,2,1,1
after this,2,2,14
for him,2,6,10
of the of,3,2,5
thine,1,12,3
upon their,2,3,2
but this,2,2,2
be destroyed,2,2,2
for his,2,5,14
the west side,3,1,1
thing,1,16,21
so as they,3,2,1
the benefit of,3,1,3
possession,1,5,1
the fear of the,4,2,1
of jacob,2,1,4
of time,2,11,4
gathered together,2,3,6
second year,2,1,2
exceedingly,1,5,4
when shall,2,5,1
for their,2,5,20
led the,2,1,1
land of and,3,7,1
offered,1,6,7
as they had,3,1,3
day,1,82,187
the sea shore,3,1,1
obtain,1,2,1
thou shalt,2,27,4
them as,2,2,4
great waters,2,3,3
sacrifice,1,4,1
of the wrath of,4,1,1
and they did,3,1,1
ears,1,2,7
meridian,1,4,1
gratitude,1,1,1
that are,2,2,3
of her,2,1,7
come with,2,1,1
light as,2,1,1
was on,2,2,4
commanded,1,23,53
down at the,3,1,1
with all,2,2,5
are like,2,1,2
tell,1,8,3
ye shall,2,10,6
in which,2,4,8
friendly,1,1,2
of having,2,1,1
the enemies of the,4,1,1
husband,1,2,1
but they,2,4,19
four hundred and,3,2,2
them by,2,1,4
in peace,2,1,2
the judgment,2,1,2
was of,2,1,3
them be,2,4,1
them neither,2,1,1
mild,1,1,1
and who were,3,1,1
pass,1,69,90
past,1,1,6
mighty men,2,1,2
second day,2,2,5
easy,1,2,2
the master,2,1,1
whose,1,11,83
man unto,2,1,1
there they,2,1,1
smiled,1,1,1
flocks,1,5,1
manifest and,2,1,1
pass the,2,1,3
the rest of,3,1,4
as many,2,8,1
in the town,3,1,1
from the,2,84,118
and there was,3,10,3
was seen,2,1,1
tent,1,1,1
importance,1,1,1
earth were,2,2,1
part,1,4,16
fiery,1,1,6
the dust of the,4,2,1
thus for,2,1,1
among the children of,4,5,1
such a,2,1,1
elijah,1,1,2
cause of,2,2,3
end of,2,13,8
east,1,7,26
which was in,3,1,1
to lead,2,1,2
record,1,13,2
peace and,2,2,2
face of the land,4,1,1
all men,2,12,1
women and,2,1,9
he that,2,3,1
life of,2,1,2
mind,1,12,2
was to,2,2,4
lest he,2,2,1
it is written,3,1,11
which these,2,1,1
right,1,16,7
nigh unto,2,2,32
the time,2,17,5
under,1,21,37
taken out,2,2,1
taught,1,7,1
of him,2,4,1
age and,2,2,1
forth and,2,3,2
rocks were,2,1,1
of his,2,22,57
were numerous,2,1,1
was so,2,14,17
day shall,2,1,1
one another,2,3,10
was one,2,1,4
of solomon,2,1,3
from a,2,1,3
waited,1,1,1
and evil and,3,2,1
the last,2,6,3
down to,2,5,8
gathered from the,3,1,1
doth,1,2,2
bind,1,1,2
so as to,3,1,1
the earth to,3,6,2
and of the,3,12,2
friendly to,2,1,2
and for the,3,1,2
moon and,2,1,1
water in the,3,1,1
and dreadful,2,1,3
our fathers,2,3,1
remained,1,1,9
the sabbath,2,1,2
in the way,3,1,2
our lord,2,1,1
of the wilderness and,4,1,1
with a loud voice,4,3,1
the hands of,3,2,12
be called the,3,1,1
off the,2,3,1
unto the place,3,1,6
was lifted,2,1,1
added,1,3,1
unto me and,3,5,1
die,1,11,5
did,1,26,39
garden of eden,3,7,1
frowns of,2,1,1
state of new york,4,3,1
that the lord,3,8,1
month,1,5,103
and left,2,1,1
eyes of,2,2,3
and that he,3,2,1
four hundred,2,2,7
i pray thee,3,3,1
my youth,2,1,1
the ways,2,3,1
forgotten,1,1,3
for their hearts were,4,1,1
human,1,1,2
continuation,1,1,1
ready to,2,1,7
way of,2,2,1
less than,2,1,2
from whence,2,3,8
the language,2,3,3
also the,2,10,1
all the earth,3,4,1
entered into the,3,1,1
be made,2,2,1
and ten,2,1,22
the space,2,5,21
blessed,1,19,5
shall be called,3,4,1
and said,2,16,6
many other,2,3,5
the tribes,2,1,1
came to the,3,2,4
field,1,19,5
it came to pass,4,59,84
in order,2,4,1
grant,1,1,1
they shall,2,23,8
he brought,2,1,2
day that the,3,1,4
the manner of,3,6,1
name of the,3,14,24
the wickedness,2,2,17
him and he,3,4,3
the laws,2,1,2
down,1,22,44
end to,2,1,1
towards the north,3,1,3
borders of,2,1,22
remnant of,2,2,1
two and,2,1,1
midst,1,14,4
prince,1,1,8
bitterness of,2,2,1
ye might,2,1,1
that the sons of,4,1,1
the enemy,2,1,8
name shall,2,1,7
and it came to pass,5,58,22
go forth,2,5,14
and a,2,13,48
to a,2,3,17
made,1,56,91
third day,2,1,7
length,1,3,7
all the earth and,4,4,1
recorded in,2,1,2
called and,2,1,5
own hand,2,2,1
rose up against,3,1,1
came before,2,1,1
great by,2,1,1
and the,2,242,493
to the,2,66,195
man in the,3,3,1
way to,2,2,1
children and,2,2,2
wilderness,1,1,13
meat and,2,2,2
and i,2,113,1
process of,2,3,3
and moved,2,1,1
world and,2,6,1
back,1,4,9
to thy,2,2,2
attempt,1,5,2
thick,1,2,2
men by,2,1,1
down in,2,1,3
glory was,2,3,1
plains,1,2,4
be known,2,2,1
a sore,2,2,6
brought them,2,1,1
full of,2,5,2
the host of,3,1,55
had prepared,2,1,9
name was and,3,1,5
men for,2,1,1
let the,2,6,14
him forth from,3,1,1
sabbath day,2,1,2
forward,1,1,2
being,1,25,48
for the purpose,3,2,1
they hearkened,2,3,2
wickedness of,2,2,14
on his,2,1,1
and other,2,3,1
upon them for,3,1,1
saw the,2,9,6
came to pass that the,5,7,10
him that he,3,1,1
year after,2,1,1
and thy,2,6,1
fear,1,9,10
for the purpose of,4,2,1
the tree,2,17,1
brothers,1,3,1
thief,1,1,1
then shall,2,6,5
of the waters,3,4,13
and the name of the,5,4,12
unto a,2,3,13
saw a,2,2,1
them not,2,1,10
mad,1,1,2
bands,1,1,3
and it was so,4,14,11
men whom,2,1,1
sought to,2,2,1
known,1,9,13
unto the,2,69,57
man,1,101,112
for the sake of,4,1,1
in the hearts,3,1,2
lying,1,1,3
stand,1,5,1
opposed,1,2,1
and that they,3,1,2
may,1,31,15
forbidden,1,4,1
thus in,2,1,1
understandings,1,1,1
of some,2,2,1
cries,1,1,1
the glory of god,4,1,1
witness,1,1,1
have been,2,7,4
bowed,1,3,1
the neighborhood,2,3,1
and samuel,2,1,2
are mighty men,3,1,1
them and smote,3,1,1
the days of the,4,1,1
wicked the,2,1,1
to be given,3,1,1
man saw,2,1,1
use,1,3,5
come when,2,1,1
so that the,3,1,9
cried,1,9,4
on the seventh,3,5,1
mouth to receive,3,1,1
mind and,2,2,1
went out and,3,1,2
take away,2,5,1
could only,2,1,1
they were pleased,3,1,1
and went,2,6,23
those things which they,4,1,2
fulness of,2,3,1
two days after,3,1,1
mercy,1,4,18
great in,2,1,4
it saying,2,1,1
waters and,2,4,6
bearing,1,3,1
mourning,1,1,1
tell it,2,3,1
received,1,10,10
he sent,2,1,4
breath,1,4,1
accordingly as,2,1,1
the eleventh,2,1,11
were with,2,1,7
against them and,3,2,8
it became,2,2,2
shall be unto,3,1,1
whereby,1,1,1
it came to pass when,5,3,5
many of them,3,1,3
feet,1,2,8
men in,2,1,2
hired,1,1,2
was like,2,1,5
preached,1,3,1
their lips,2,1,2
to the of the,4,1,3
beasts,1,5,1
thou done,2,3,1
an hundred and twenty,4,1,1
men,1,69,353
mentioned in the,3,1,1
met,1,1,8
wicked,1,8,10
shall not surely,3,1,1
were so,2,1,1
the death,2,1,1
the beginning,2,22,4
not yet,2,9,1
though,1,8,6
tents and,2,1,5
benefit,1,1,4
one thousand eight hundred,4,4,8
a young man,3,1,1
put his,2,1,2
which all,2,2,1
the seventh,2,7,9
forever,1,11,1
the doors,2,1,2
sons of,2,16,15
come to,2,8,5
because it,2,3,2
what thou,2,2,1
the holy,2,20,3
were willing,2,1,1
to those,2,1,1
about,1,6,239
thing that,2,7,1
trees,1,2,5
sorrow,1,4,4
of every,2,4,2
and were,2,8,19
glory of,2,3,3
the night time,3,1,3
lord shall,2,1,1
on the face of,4,1,1
above,1,26,2
in what,2,2,1
he should,2,5,2
men that,2,1,9
destruction,1,6,35
make,1,19,18
to preach,2,1,1
but with,2,1,2
middle,1,2,1
star,1,3,1
had done,2,4,2
was in the,3,9,4
many,1,53,67
into,1,47,116
appear,1,2,2
hearts were,2,1,6
now after the,3,2,1
was taken out,3,2,1
when he was,3,1,2
the bottom,2,1,2
rejoiced,1,4,15
way to the,3,1,1
the bosom,2,3,6
and upon the,3,2,4
open,1,7,4
holds,1,1,7
and the people of,4,1,6
they had put,3,1,1
hundred and fifty,3,1,4
were to,2,2,2
commit,1,1,3
these there,2,1,1
and have,2,8,2
believe,1,27,1
danger,1,1,4
him upon the,3,1,1
in the ways of god,5,1,1
unto this day,3,2,4
remember,1,1,2
verily,1,3,8
out of their,3,1,2
brow,1,1,1
were they,2,1,5
even the blood of,4,1,1
for the sake,3,1,1
sealed,1,2,1
the nations of the,4,1,7
eighteen hundred,2,2,11
have we not,3,1,1
when the,2,9,91
returned to,2,1,8
spirit,1,23,11
the remnant,2,1,1
were of,2,1,4
unto him i,3,1,1
put it into the,4,1,1
the faith of,3,1,2
of my heart,3,2,1
the destruction of the,4,3,1
the true,2,1,2
which came,2,1,1
with one of,3,1,4
the state of,3,4,21
spake unto,2,12,10
the north and,3,1,5
garden of,2,7,1
by being,2,1,1
but for the,3,1,2
the things,2,2,1
forced,1,1,4
seven,1,4,24
long,1,1,5
is not,2,9,2
the order of,3,1,2
numbers,1,1,20
and he said unto,4,13,1
prepared them,2,1,1
shall be opened and,4,1,1
were my,2,1,1
men of,2,3,203
fell,1,9,56
themselves,1,12,38
brass and iron,3,1,1
when they were,3,3,5
with another,2,2,3
and another,2,1,1
twenty,1,2,21
which he was,3,1,1
sorrow and,2,1,1
taken on,2,1,1
more than,2,3,40
even in,2,4,12
it not,2,6,6
and let,2,4,4
rise up,2,2,1
to take his,3,1,1
by means of,3,1,1
not his,2,1,3
the seventh time,3,4,1
at length,2,3,2
it was,2,85,69
before the,2,11,35
gospel,1,14,2
mark,1,1,1
and laughed,2,1,1
and upon,2,2,4
out upon them,3,1,1
as it had,3,1,1
pass that they,3,1,1
plant in,2,1,1
the people,2,28,167
suffering,1,1,2
beast,1,9,3
slain,1,2,102
to another,2,1,3
the lord who is,4,1,1
great multitudes,2,1,2
were set to,3,1,1
on the fifteenth day,4,1,2
are yet,2,1,1
wood,1,1,3
to go into,3,1,2
the sons,2,17,10
the earth with,3,4,1
destroyed them and,3,1,1
repent,1,17,2
land and the,3,2,1
isaac,1,1,7
work,1,14,21
fire to,2,1,4
cattle,1,10,3
face of the earth,4,6,2
up by the,3,1,2
them to the,3,1,3
the borders,2,1,24
glad and,2,1,1
men to,2,1,5
and offered,2,1,2
place where he,3,1,3
not been,2,1,2
word,1,11,6
with fire,2,1,15
of the evil,3,1,2
lord,1,199,25
slain a,2,1,1
one thousand,2,5,10
the hour,2,1,3
the fourth day,3,1,5
had spoken,2,3,2
secret,1,9,4
be lost,2,1,1
their hearts and,3,2,1
and two,2,2,14
if i would,3,2,1
he could not,3,1,1
given unto them,3,2,2
seventh time,2,4,1
who came to,3,1,2
in battle,2,1,18
pleasant to the,3,3,1
surprise,1,2,1
if he,2,1,1
one man,2,1,5
loud,1,5,11
of by the,3,1,2
was given unto,3,2,1
still,1,9,4
spirit and,2,3,1
books,1,1,7
the sun and,3,1,2
the wicked one,3,1,1
among,1,44,23
go forth and,3,2,1
in all the,3,3,1
the fear of,3,2,1
very great,2,1,4
in time to,3,1,1
and where,2,2,6
ages,1,1,3
prevailed,1,2,3
ever be,2,1,1
face of the,3,14,13
tongue,1,1,13
which are,2,11,1
believed,1,6,2
come unto the,3,1,1
and on the,3,2,14
tribulations,1,2,2
were turned,2,1,1
in an,2,3,3
whole,1,13,40
ourselves,1,1,2
if it,2,1,1
writing,1,1,2
lost,1,2,12
the clouds of,3,2,1
the whole face of the,5,3,4
saw two,2,2,1
they believed,2,1,1
is called the,3,1,2
be forgotten,2,1,1
came not,2,1,1
and the same,3,1,2
the host,2,1,60
the earth and it,4,6,1
like unto,2,9,20
for food and,3,1,1
great was,2,4,3
all the nations of,4,1,3
him of the,3,1,1
over the,2,16,19
to him and,3,2,2
and took them,3,1,2
of god the,3,1,1
people of,2,12,101
instead of,2,2,2
taken out of,3,2,1
made the,2,8,2
preparing,1,1,1
unto the land,3,1,2
of the earth and,4,6,2
in the of,3,2,2
the tree of,3,9,1
love,1,6,2
the heart,2,4,6
day and the,3,6,1
after him,2,2,7
the face,2,16,9
the fish,2,3,2
been in,2,1,1
appointed,1,3,8
months and,2,1,1
one of his,3,3,5
desolate,1,2,1
them and they were,4,1,3
written by the,3,1,1
blood of,2,5,11
the fire,2,2,10
hearkened not unto the,4,1,1
grave,1,2,1
come in,2,8,1
going,1,5,6
had made,2,14,11
myself,1,18,1
the west and,3,2,1
failed,1,1,7
she was,2,3,18
instead,1,2,2
command,1,4,13
the evening,2,11,3
were but few,3,1,1
knowing,1,2,1
night and the,3,1,2
temple,1,4,2
even at,2,1,1
for they were,3,2,13
how to,2,1,1
hundred years,2,3,2
even as,2,15,9
fathers in,2,1,1
voice,1,42,12
and the hearts,3,1,1
prepared,1,7,36
winter,1,1,4
clouds,1,2,6
fire of,2,1,1
said the,2,2,2
that in the,3,2,4
to the land of,4,2,6
array against the,3,1,2
south and,2,1,10
they divided,2,1,1
harrison and,2,1,6
face of the waters,4,1,7
that day,2,9,34
went down to,3,1,1
that the wickedness,3,1,1
such as,2,5,2
to pass the,3,1,3
her sons,2,1,1
the lord god,3,41,2
and which,2,3,3
the gospel and,3,1,2
this thing which,3,1,1
brethren and,2,2,2
not in the,3,1,1
faith of the,3,1,1
and went to,3,3,1
and tell,2,2,1
seventh day,2,3,3
knew it,2,2,1
it an,2,1,2
the work of,3,2,4
by men,2,1,1
shall be my,3,1,2
saved,1,6,1
him for he,3,1,2
continuation of,2,1,1
will i,2,9,5
it at,2,1,1
in the midst of,4,13,3
it as,2,1,1
wind and,2,1,2
the meantime,2,1,6
the darkness,2,6,1
famine,1,10,1
it be,2,1,3
because,1,33,5
and went up,3,1,1
had become great,3,1,1
moving,1,2,5
the people and,3,2,2
learn,1,1,3
wroth,1,4,1
slay,1,3,3
days of the,3,1,1
of the earth,3,30,22
neck,1,1,3
was born in,3,1,1
of man and,3,3,3
if they,2,6,1
the mouth,2,4,4
will the,2,1,1
lost in,2,1,1
year,1,11,54
down into the,3,1,7
made he,2,1,1
even from,2,2,7
he stood,2,4,1
branch,1,1,1
sleep,1,3,2
rumor,1,1,2
refuse,1,1,3
near,1,6,18
him into,2,1,1
a loud voice,3,5,1
were set,2,1,1
from by,2,1,1
understanding,1,1,4
whales,1,2,2
for that purpose,3,1,1
after the manner of,4,6,1
down and,2,5,1
to pass,2,64,88
found a,2,1,1
the sabbath day,3,1,2
east of,2,4,1
need,1,1,1
go home,2,1,1
of the land,3,5,28
preach the,2,1,1
and the children,3,2,2
greater than,2,2,7
clouds of heaven,3,2,1
loose,1,1,21
hundred and twenty,3,2,1
dust of,2,2,5
upon the face of the,5,6,4
of all men,3,2,1
least,1,3,1
these men,2,2,3
earth and the,3,8,1
pass in,2,1,13
he was the,3,1,1
him forth,2,1,1
they him,2,1,1
for as the,3,1,1
the days of,3,18,11
stretched,1,3,1
them in the,3,3,5
the days that,3,1,1
was had,2,2,1
in the state of,4,3,14
a blessing,2,2,1
fear of the,3,2,1
made known,2,2,1
toil,1,1,1
to bind,2,1,2
he said unto,3,13,1
were also,2,2,1
forth,1,61,51
and his heart,3,2,1
rich,1,2,5
kindly,1,1,5
came to pass that while,5,1,1
of the wrath,3,1,1
in that,2,5,1
is he,2,2,1
buildings,1,1,1
upon the children of,4,2,2
was yet,2,1,2
and they shall,3,8,4
he was a,3,1,5
but his,2,2,4
their plan,2,1,1
fell upon,2,3,15
slew,1,4,21
the bosom of,3,3,6
for the night,3,1,1
from whence they,3,1,4
he had,2,22,31
one of the,3,2,43
can not,2,9,4
up the,2,3,18
leave,1,3,1
the inhabitants of,3,3,7
to bring them,3,1,1
end,1,24,14
sun and,2,1,2
forty,1,1,13
is in,2,6,1
the whole face of,4,3,4
knew that,2,3,1
over them,2,1,4
is it,2,7,1
we are,2,3,4
of our lord,3,1,1
seventy,1,2,5
made them,2,1,4
thousands,1,1,3
wives,1,6,2
and while,2,3,2
repent of,2,2,2
seventh,1,7,11
children of,2,21,18
upon which he,3,1,1
it in,2,4,5
men with,2,1,2
not surely die,3,1,1
because they,2,3,1
be called,2,7,1
it is,2,13,13
befallen,1,1,1
near to,2,2,1
down to the,3,1,7
make him,2,2,2
whom he had made,4,1,1
was ready,2,1,1
him in the,3,2,1
judge,1,3,1
souls for,2,1,1
darkness,1,18,4
was put,2,1,2
chose,1,1,3
no more,2,1,5
rest for,2,1,1
woods,1,2,1
dust of the,3,2,4
thou wilt,2,3,2
whole land of,3,2,2
if ye,2,1,5
from whence he was,4,1,1
forth from the,3,2,3
into his own,3,1,1
for their hearts,3,2,1
foolish and,2,1,1
upon him and,3,3,4
the borders of the,4,1,11
driven,1,2,3
would have,2,4,6
taken away,2,1,1
honor,1,1,21
of glory,2,3,1
that on the,3,1,4
the man is,3,1,1
by the hand of,4,2,1
against,1,25,162
days to,2,1,1
words and,2,3,1
in them,2,2,2
he put,2,2,4
of its,2,1,2
whirlwind,1,1,1
had become,2,2,5
brethren,1,8,5
the face of the,4,11,9
the presence of the,4,2,1
the from,2,1,2
prepared for the,3,1,1
took,1,23,27
in the light,3,1,1
high places,2,3,2
declared,1,3,3
sweep,1,1,2
manifest,1,2,2
and they came,3,1,2
for all,2,3,1
days of,2,18,11
me i,2,7,1
of and the,3,12,1
not for if,3,1,1
the tribes of the,4,1,1
in the of his,4,1,1
said they,2,2,4
remainder,1,2,1
after the name of,4,1,2
of manchester,2,1,1
men even,2,1,1
was glad,2,1,1
immediately,1,11,7
it shall not,3,1,1
if thou,2,7,3
up to the,3,1,2
towards the,2,3,39
righteousness,1,15,3
running,1,2,2
forth out of,3,6,1
might be,2,4,14
means of,2,1,2
the dust of,3,2,1
moved to,2,1,1
and they are,3,1,2
new,1,11,31
and made,2,5,18
the nations of the earth,5,1,7
egypt,1,13,2
death and,2,3,3
the word of,3,7,3
brass,1,1,7
of age,2,2,1
shall,1,241,84
men with the,3,1,2
which should,2,2,1
shalt,1,35,4
destroyed them,2,1,1
put into the,3,1,1
and smote,2,1,4
called,1,75,164
interpretation of,2,1,1
those days the,3,1,1
made to,2,4,1
and in the,3,5,9
around,1,6,11
the face of the waters,5,1,4
naked,1,7,1
in this,2,5,8
said to,2,3,2
he him,2,1,1
such things,2,2,1
pass that,2,53,27
known among,2,1,3
for their own,3,1,2
from this,2,2,2
as an,2,1,1
in the dark,3,2,2
me i pray,3,1,1
day and night,3,1,2
therefore he,2,1,1
thou shalt be a,4,1,1
the tents,2,1,1
for they shall,3,2,2
he sent forth,3,1,1
each of,2,1,2
god which,2,2,1
the wind and,3,1,2
she is,2,2,1
one with another,3,1,2
they came up,3,1,1
on the face,3,2,1
the secret,2,2,1
slow,1,2,1
in the bosom,3,2,1
out from the,3,4,1
sons and,2,16,1
himself,1,8,14
day being the,3,1,2
and caused them,3,1,1
have the,2,2,3
from whence he,3,1,1
have suffered,2,1,1
have i,2,11,1
continent,1,3,3
were my strength,3,1,1
glory and,2,6,3
who are,2,3,3
lying on,2,1,1
was like unto,3,1,5
what thou done,3,1,1
this was the,3,3,2
whence they,2,1,4
journeying,1,1,3
of those,2,5,5
of pharaoh,2,8,1
for the space of,4,4,3
such,1,17,5
eye,1,2,4
and behold the,3,2,1
of israel and,3,1,2
noble,1,1,9
the east of,3,4,1
part of,2,4,14
who came,2,1,6
countenance,1,3,1
things had,2,1,1
through the,2,4,7
upon the children,3,2,2
enemy,1,2,8
despised,1,2,1
another,1,20,42
work of,2,2,5
the kingdom,2,4,9
of all,2,24,8
every man,2,2,8
upon him,2,7,6
up upon,2,2,1
arrived at,2,1,4
when he,2,8,21
permitted,1,2,10
which he called after,4,1,1
upon his,2,3,2
he departed,2,1,5
gird,1,1,1
was in the days of,5,1,1
town,1,1,36
might,1,13,57
by the spaniards,3,1,1
in our,2,7,1
the air,2,14,17
the word of the lord,5,1,2
and men,2,4,4
servants,1,2,72
violence and,2,1,2
clothing,1,1,1
in the first,3,1,5
was there,2,1,5
trumpet,1,1,3
that he should,3,3,1
board,1,2,7
to make,2,7,5
with a,2,12,29
of and,2,27,12
blessed them and,3,3,1
shall be as,3,1,1
that were,2,2,32
be not,2,2,2
worship him,2,1,1
come and,2,2,1
the state of new,4,2,3
were all,2,2,5
and he looked,3,2,1
the city,2,4,41
in the town of,4,1,1
array against,2,1,2
remain,1,4,1
the place where he,4,1,3
green,1,1,4
one end,2,1,1
the high places,3,3,1
man whose,2,1,14
as he,2,9,9
called on the,3,1,2
from my,2,4,1
what,1,32,8
upon him and he,4,2,1
nine hundred,2,6,1
made known unto the,4,1,1
and make,2,1,6
by which,2,1,1
known in,2,2,2
these words,2,7,2
and all the,3,20,15
in the days,3,6,12
rise,1,7,1
as the sand,3,1,2
dwelt,1,10,6
nod,1,1,1
and he said unto the,5,2,1
israel,1,4,7
dwell,1,9,6
this day,2,6,9
with the,2,28,69
until this day,3,1,1
as if,2,2,1
the words,2,7,7
conclusion,1,2,1
nor,1,8,5
seven hundred,2,2,7
not,1,174,175
now,1,46,253
white,1,2,7
commanded the,2,2,9
the sixth,2,2,8
as it,2,13,24
and we will,3,8,1
in the hearts of,4,1,2
give,1,25,12
beloved and,2,2,1
men had,2,1,1
war,1,1,98
watered,1,2,1
the space of,3,5,21
was,1,333,633
hundred and,2,29,34
and said unto his,4,1,1
and many other,3,2,3
wax,1,3,3
wrong,1,5,1
followed after him,3,1,4
of where,2,1,2
way,1,8,10
from off,2,1,1
and they saw,3,1,1
remnant of his,3,1,1
when they,2,9,21
pleased,1,3,10
to assist,2,1,3
certain,1,2,32
the things which,3,1,1
next,1,1,25
they chose,2,1,2
from the place,3,1,8
might not,2,1,6
the middle,2,2,1
with glory,2,2,1
they sought,2,1,1
day after day,3,1,2
lived,1,20,2
far,1,6,4
loud voice,2,5,1
fat,1,1,1
they put,2,1,10
poured out,2,1,4
gather together,2,1,1
it came to pass that,5,52,26
counsel,1,4,3
in the land,3,18,8
neither shall,2,1,4
and many,2,7,8
his own hand,3,2,1
gather,1,3,2
opened,1,6,19
had never,2,4,2
great,1,60,199
repented of,2,2,1
spirit of,2,11,7
happened,1,1,28
about to,2,1,2
hath made,2,2,1
made an,2,3,2
peaceable,1,1,2
prevail,1,1,4
and caused them to,4,1,1
heads,1,6,1
behold,1,70,24
were more,2,1,5
on all,2,1,3
was given,2,2,6
point of,2,1,3
and the fowls,3,1,1
nations of the,3,1,7
eleventh,1,1,11
act of,2,1,2
when,1,68,183
enabled,1,2,2
the and,2,11,18
reading the,2,1,1
was found,2,1,1
the glory,2,4,3
our wives,2,1,1
go into the,3,1,2
the body,2,2,2
as my,2,1,2
plan,1,2,3
give him,2,1,2
be opened,2,1,1
he began,2,2,3
pass when,2,4,5
should be,2,28,2
sunk,1,1,8
it came to pass in,5,1,12
people and,2,6,2
their fathers,2,2,1
to work,2,2,15
fifteenth day,2,1,3
unto thee the,3,2,1
the name,2,36,38
keep,1,13,2
the lord and he,4,3,1
mourned,1,2,2
because they had,3,1,1
benefit of,2,1,3
a greater,2,2,1
the name of the,4,14,23
to bring,2,10,2
continued to,2,7,3
almighty,1,8,1
answered and said unto,4,1,2
the fifteenth day,3,1,3
gain,1,2,1
they had,2,8,38
presented,1,1,1
way of the,3,1,1
few,1,4,10
and become,2,1,2
rocks,1,1,2
laughed,1,1,3
things which,2,23,6
and twelve,2,1,2
as they,2,17,32
upon you,2,4,2
plains of and,3,2,1
yea the,2,3,1
day of the,3,5,86
space of,2,5,21
good and evil and,4,2,1
to the of,3,1,3
the fifth day,3,1,4
towards the south,3,1,1
he gave unto them,4,1,1
multitudes,1,2,7
you and ye,3,1,1
immediately after,2,4,1
fell upon him and,4,1,3
they put the,3,1,4
thereof and,2,9,3
who,1,66,125
have fallen into,3,1,1
down unto,2,1,1
rested,1,3,9
took the,2,3,5
and departed from,3,1,2
hands,1,31,33
fought,1,1,55
used,1,2,8
faith,1,7,8
to behold the,3,1,2
fire and,2,1,18
in his hand,3,1,1
have brought,2,1,2
alone,1,3,3
strive,1,1,2
they might,2,4,22
taken away by,3,1,1
the world,2,27,11
along,1,1,21
this did,2,2,1
the ark,2,1,1
this moment,2,1,1
of one of the,4,1,2
was covered with,3,1,6
charge,1,2,8
veil,1,2,2
wicked and,2,2,2
and others,2,1,1
of james,2,2,4
the bosom of the,4,2,4
ways of,2,3,1
mercy and,2,1,1
fold,1,1,1
be as,2,1,2
process of time,3,3,3
became a,2,3,7
wherefore the,2,1,1
looked for,2,1,2
the moon,2,5,1
interpretation,1,1,3
the city of new,4,2,5
around the,2,1,3
hurt,1,1,1
things with,2,1,2
inhabitants,1,11,16
smote,1,1,10
than the,2,7,17
so when,2,2,12
bring,1,18,4
into the,2,14,69
my hand,2,5,1
are like unto,3,1,1
as one,2,3,2
trembled,1,2,4
dwell in the,3,1,1
into a,2,2,6
they would,2,5,2
the book,2,9,6
out of,2,35,23
a little,2,5,4
power of,2,8,1
the nations,2,1,15
plains of,2,2,3
proud,1,1,2
with their,2,1,22
five hundred,2,2,12
the dust,2,2,1
the earth,2,135,35
the face of the land,5,1,1
was among the,3,1,1
am,1,37,3
as to,2,7,1
an,1,52,92
food,1,3,3
the altar of,3,1,1
the children,2,24,18
as,1,170,183
at,1,57,121
they went down,3,1,1
at one,2,1,2
pleasant to,2,3,1
in the time,3,1,1
be,1,238,120
saying in,2,2,1
a living,2,4,1
prove,1,3,1
of both,2,2,2
there on,2,1,1
was and the,3,1,5
of them for,3,1,1
were great,2,1,2
was called and,3,1,1
by,1,115,183
sudden,1,2,1
that there,2,8,6
for the benefit of my,5,1,1
that one of,3,1,9
but their,2,1,1
shall be,2,79,26
fifth day,2,1,6
remembrance,1,2,4
which,1,217,234
were under the,3,2,1
thence,1,4,1
enter into,2,1,1
favored,1,1,3
when the light,3,2,1
fly,1,2,4
mouths of,2,1,4
never,1,20,7
not perish,2,1,1
poured out upon,3,1,1
the most,2,5,1
the state of new york,5,2,1
of joy,2,1,2
the of the,3,1,18
purpose and,2,1,1
they will,2,6,1
even unto this,3,1,2
language,1,6,3
power to,2,3,1
rock and,2,1,1
do,1,27,11
saw that the,3,2,7
the spirits,2,2,1
fourteen,1,2,5
the angel,2,3,2
accounted,1,1,1
vermont and,2,1,2
won,1,1,1
for him and,3,1,5
knowing that,2,1,1
whom,1,15,26
all this,2,1,1
years and,2,30,4
him not,2,4,4
at this,2,6,3
desire to,2,1,1
the children of,3,21,17
moved with,2,1,2
arose,1,5,9
even as it was,4,2,1
thy country and,3,1,1
was five,2,1,1
kept,1,7,6
former,1,2,1
an oath,2,1,1
promised us,2,1,1
peace,1,6,27
the powers,2,5,1
had built,2,1,1
gold and,2,1,4
his countenance,2,2,1
gave unto them,3,2,2
there is,2,6,4
called the,2,15,61
mountains,1,6,4
tears,1,1,1
the place,2,12,59
to the people of,4,1,2
were called,2,1,8
for,1,251,319
and the lord,3,42,2
ways of god,3,3,1
of the lord and,4,6,1
alert,1,1,2
appeared,1,5,16
accomplished,1,1,3
now at this,3,1,1
an hundred and,3,1,5
them even,2,1,4
in battle array against the,5,1,2
each other,2,1,4
saying be,2,3,1
be in,2,9,1
but there,2,2,1
as a man,3,1,3
heard these,2,1,2
now therefore,2,1,2
go,1,23,56
nigh unto the,3,1,20
decree,1,4,10
word of,2,7,3
not and,2,7,2
her and,2,1,6
talked,1,6,1
the lord that,3,2,1
disposition,1,1,1
so as,2,3,3
about to be,3,1,1
gave,1,17,31
forced to,2,1,2
the king of,3,2,10
was and it was,4,1,1
therefore they,2,2,1
he,1,282,309
complete,1,1,1
become,1,6,13
they shall be,3,7,5
were not yet,3,1,1
get them,2,3,1
to battle against,3,1,5
having a,2,2,1
hearts and,2,3,1
going to the,3,1,1
right hand,2,3,4
and the other,3,3,5
depart from,2,1,1
people from,2,1,3
among the sons of men,5,2,1
is called,2,3,14
the rest,2,1,6
and thou shalt,3,9,1
william,1,1,20
throughout all the,3,1,1
bitterness,1,2,1
after he,2,8,1
if,1,40,25
but the lord,3,4,2
in,1,444,665
in the hearts of the,5,1,2
knew,1,18,11
which the,2,7,28
is,1,150,85
it,1,310,289
gathered from,2,1,1
day and,2,20,6
chosen,1,6,9
hath the,2,1,1
draw,1,1,1
a boy,2,1,1
our own,2,2,1
in sorrow,2,2,1
among them,2,5,2
was smitten,2,1,3
and in their,3,1,1
places,1,4,8
acted,1,1,1
which i,2,41,1
the frowns,2,1,1
get thee,2,2,1
had not,2,11,2
light upon,2,4,1
which in the,3,1,11
went into,2,2,9
whence he,2,1,1
placed,1,1,8
have found,2,2,1
very,1,20,6
and to his,3,2,1
you and,2,2,4
turned,1,9,11
shall it,2,2,2
name of the first,4,1,1
among the children,3,5,1
second,1,10,20
the land and,3,7,6
majestic,1,1,2
the king,2,2,285
master and,2,1,1
you therefore,2,2,1
in the language,3,2,3
and would,2,3,1
that their,2,1,5
they loved,2,2,3
the joy,2,2,1
shalt be,2,7,1
four,1,10,23
the mouths,2,1,6
sixth day,2,1,3
contest,1,1,2
fourteen years,2,1,1
him saying behold,3,1,1
the sea,2,12,10
eden,1,12,1
heard the,2,4,6
be my,2,2,2
off,1,11,12
time the,2,1,14
daniel,1,2,5
repented,1,4,2
turned to,2,1,1
account of,2,5,4
preachers,1,2,1
it was there,3,1,1
occupied the,2,1,1
freely,1,3,5
air and,2,9,4
lo,1,8,57
it shall,2,18,1
very great and,3,1,1
side and,2,1,1
able to,2,2,2
battle array,2,1,10
the sight,2,3,5
the dead,2,1,5
the wrath,2,1,2
go and,2,3,2
the eyes,2,3,3
house and,2,3,1
sufficient,1,2,1
which is the,3,5,1
me,1,215,14
the village,2,1,6
shalt do,2,1,1
unto the voice,3,3,3
our hands,2,3,2
in process of,3,3,3
two years,2,1,1
sword and,2,1,1
possessed,1,1,1
knew not,2,2,3
that a,2,4,20
in the ways,3,1,1
after it,2,2,1
noah the,2,2,1
my,1,236,19
another and,2,4,4
head,1,6,6
lord god,2,41,2
hearts of the,3,2,6
plan of,2,1,1
waters were,2,1,1
and said unto them,4,2,2
him as,2,1,3
called the and,3,1,2
vermont,1,2,3
fish of the sea,4,3,1
the lord in,3,3,2
which thou shalt,3,1,1
cock,1,1,1
no,1,34,34
mouth of,2,4,4
chambers,1,1,2
abundantly,1,4,5
and about,2,1,19
in reality,2,1,1
that thy,2,1,1
one who,2,3,1
and satan,2,6,2
while,1,19,13
unto them and,3,2,3
even in the,3,3,7
for the benefit,3,1,3
that,1,446,393
edge,1,2,3
the name of,3,34,33
the benefit of my,4,1,1
noah,1,33,1
tongues,1,4,2
of,1,1171,3163
than,1,26,63
and slew,2,1,15
of the people,3,6,59
my fathers,2,3,1
there be,2,9,1
occupied,1,1,2
on,1,71,217
that the,2,35,69
or,1,42,18
yet a,2,1,2
all kinds of,3,2,1
the power of,3,8,1
and took,2,3,11
thee,1,74,8
mouth to,2,1,1
upon which,2,9,1
then,1,27,22
of them was,3,1,1
so in,2,1,3
them,1,171,340
thy name,2,3,1
so it,2,3,14
the silver,2,1,2
nations for,2,1,1
days that,2,3,1
twelve,1,1,3
which was in the,4,1,1
seas,1,1,1
words were,2,1,1
nation,1,4,16
over the face of,4,1,2
to make a,3,1,2
according to his,3,3,1
speaking,1,7,3
he began to,3,2,3
the number,2,3,31
fifteenth year,2,1,5
the deep,2,2,7
hearts,1,11,21
hear,1,7,2
in time,2,1,1
heat,1,1,5
by famine,2,1,1
months,1,1,4
ancient,1,3,3
fifteenth day of,3,1,3
earth was,2,2,3
old,1,7,9
not unto,2,5,3
said unto the,3,9,2
being the of,3,1,1
judgment of the,3,1,2
started,1,2,1
him for,2,7,9
in the beginning,3,5,1
head and,2,3,1
women and children,3,1,5
and there shall,3,1,1
name of,2,34,34
sect,1,2,2
flowed,1,1,1
sent upon,2,1,1
gratitude of,2,1,1
and presented,2,1,1
in the holy,3,2,2
the service,2,1,1
only to,2,1,1
hearkened not,2,5,1
discovered,1,5,1
promised,1,1,2
in those days,3,5,3
not their,2,1,2
they,1,219,577
promises,1,1,1
and from thence,3,3,1
covenant,1,3,11
had rested,2,1,1
souls,1,6,8
into the heart of the,5,1,2
bosom of,2,3,6
came forth,2,4,2
so,1,80,174
samuel,1,2,11
there was no,3,3,6
raise,1,1,2
they came forth,3,1,1
him he,2,2,3
it had,2,2,7
one,1,70,117
till the,2,5,1
the trees of,3,2,1
this,1,133,104
and night,2,1,2
altar of,2,1,1
kind of,2,1,1
give unto you,3,1,2
make it,2,1,1
to go to,3,1,3
be opened and,3,1,1
beauty and,2,1,1
came to pass when the,5,1,2
assist,1,1,4
know,1,31,2
had departed from the,4,1,1
to,1,591,829
in the beginning of the,5,1,1
out of his,3,1,2
closed,1,2,1
deceive,1,7,1
blessings,1,6,1
country,1,3,39
generations,1,6,2
the lord of,3,2,2
hearken,1,10,1
seen,1,19,1
so that,2,7,39
lord in,2,4,2
things they,2,1,3
willing,1,2,2
up,1,59,60
fifteenth,1,2,8
the waters were,3,1,1
us,1,33,25
the plains of,3,2,3
treated,1,2,10
and ye shall be,4,2,1
wide,1,1,1
waters,1,25,96
settled,1,1,1
thou shalt be,3,7,1
the second day of,4,1,3
the ways of,3,3,1
in his,2,15,19
shall not,2,17,7
they hearkened not unto,4,2,1
reading,1,1,1
on these,2,1,1
record for,2,1,1
one for,2,1,1
upon the high places,4,2,1
up into,2,6,2
rejoiced saying,2,1,1
man made,2,1,1
a place,2,1,40
force,1,1,8
women,1,2,15
covenanted,1,3,2
hand and,2,3,1
them out,2,2,1
he spake,2,3,3
him in,2,3,6
be ye,2,1,1
of the first,3,2,7
down from,2,1,2
beheld,1,31,15
we,1,98,51
enemies of the,3,1,1
were naked,2,1,1
called the name,3,2,1
prophets,1,4,4
it into the,3,1,1
king of,2,6,11
the voice of the,4,5,2
in the language of,4,2,3
yearned,1,1,1
gospel and,2,1,2
enabled to,2,2,2
presence,1,16,2
seized,1,2,2
give them,2,4,1
for in the,3,3,1
and blood,2,1,1
yielding,1,11,1
of the air,3,11,1
the history of,3,1,2
in the land of,4,7,8
as it were the,4,1,1
of the city,3,1,9
come,1,63,22
name of the city,4,1,1
days after,2,2,10
abraham and,2,1,1
out of the water,4,2,1
and after,2,2,4
wherefore should,2,1,1
things which he,3,1,1
thou shalt do,3,1,1
the enemies,2,1,13
of their fathers,3,1,1
to rule over the,4,3,1
there was,2,19,35
the fourth,2,4,12
them with,2,1,20
none of,2,2,2
pure,1,2,1
went down,2,2,2
were the first,3,1,1
upon the altar,3,2,1
overcome the,2,2,1
mentioned in,2,1,1
life,1,30,7
hearken unto,2,6,1
ye,1,37,36
that they might,3,4,18
to the land,3,2,7
beyond,1,2,10
land and,2,8,8
cold,1,2,4
and commanded,2,7,2
but all,2,3,2
now abraham,2,1,1
ontario,1,3,11
came to pass that,4,52,26
things of,2,3,1
heir,1,1,1
history of,2,3,2
him that,2,3,2
of the earth with,4,1,1
caused the,2,1,2
to pass that the,4,7,10
continued,1,17,10
the sons of men,4,7,4
thousand eight hundred,3,4,8
from among,2,2,1
thou,1,119,15
lord that,2,2,1
help,1,5,3
thy transgressions,2,1,1
caused a,2,3,1
disciples,1,3,1
forbidden to,2,2,1
to rise,2,1,1
which hath,2,1,4
they turned,2,1,2
perished,1,1,1
torment,1,2,1
surrounded,1,2,3
came to pass in,4,1,12
away by,2,4,1
held,1,3,10
south,1,2,42
none,1,4,6
lord of,2,2,2
north,1,1,33
he became,2,2,4
ruler,1,2,4
had fled from,3,1,1
the inhabitants of the earth,5,2,1
our,1,51,34
out,1,54,74
and fifty,2,1,4
the of a,3,1,1
get,1,13,7
the high,2,3,2
had given unto them,4,1,1
israel and,2,1,2
power,1,22,5
sent,1,10,39
creatures,1,1,1
righteous,1,5,2
the sun,2,6,17
like,1,12,46
to give,2,8,2
and give,2,1,3
he received,2,1,2
the lord of hosts,4,1,1
the prophet,2,8,2
follow,1,2,4
and now,2,13,3
of the and,3,3,5
his house,2,4,1
blood of the,3,3,4
addressed,1,1,1
send,1,12,3
branches,1,1,1
ground,1,20,4
and was,2,10,10
surrounded by,2,1,1
of stone,2,1,1
did the,2,1,15
and the whole,3,2,5
him on,2,1,1
own,1,34,43
sound,1,2,17
back to,2,1,2
to answer,2,2,1
rule over,2,5,2
the god of,3,18,1
and not,2,8,3
indignation,1,2,1
covenant with,2,1,6
perished in,2,1,1
to go out,3,1,1
him they,2,1,1
art and,2,1,1
dark,1,3,5
god for,2,7,1
him of,2,1,1
dwelt in the,3,2,1
it was in the,4,6,2
confidence,1,2,1
daniel the,2,2,1
in the dark and,4,2,1
one of,2,11,52
shalt not,2,3,1
it be with,3,1,1
will,1,92,40
that they had,3,2,1
had departed from,3,1,3
trees of,2,2,3
which upon,2,1,1
against me,2,7,1
wilt,1,6,2
all the inhabitants,3,2,1
valley of,2,1,1
the land of the,4,3,1
york,1,7,16
the joy of,3,1,1
oath,1,3,1
by daniel,2,2,1
while the,2,3,1
to be done,3,1,2
wild,1,1,10
raise up,2,1,1
unto him and,3,1,4
purpose,1,5,3
to cross the,3,1,2
poor and,2,1,4
the matter,2,1,6
hands of the,3,1,8
a river,2,2,1
in battle array against,4,1,2
was and,2,5,10
which were,2,14,10
the mouths of,3,1,4
with a loud,3,3,3
to the city of,4,2,2
and they began to,4,1,4
as it were a,4,1,2
children of men and,4,2,1
numbers were,2,1,2
him to,2,1,13
then shall the,3,1,1
back and,2,1,1
angels sent,2,1,1
thus,1,25,21
this people,2,4,2
a good,2,1,2
the children of men and,5,2,1
there,1,96,95
wind,1,1,6
and keep,2,1,1
heart was,2,1,2
the state of vermont,4,1,1
they saw,2,1,3
their virtue,2,1,1
to the place,3,3,2
asunder,1,1,5
buried in the,3,1,1
which may be,3,1,1
the third,2,6,12
faces,1,1,3
much,1,4,30
without,1,10,10
unto her,2,1,3
arrival,1,3,1
and should,2,1,1
we have,2,5,4
the wilderness and,3,1,1
other things,2,4,1
end and,2,1,1
his head,2,2,2
youth,1,2,5
these,1,71,70
left the land,3,1,1
he moved with his,4,1,1
be protected,2,1,1
of heaven and,3,5,3
he and,2,1,1
nation and,2,2,3
to the earth,3,1,7
merciful,1,2,1
here,1,9,7
and that the,3,3,4
faith of,2,2,2
and to the,3,1,2
for a,2,10,9
were opened,2,1,4
and and the,3,2,4
and the words,3,1,2
the cattle and,3,2,1
of the gospel,3,6,1
by them,2,2,1
went into the,3,2,3
days,1,51,48
the lord shall,3,1,1
unto his,2,10,3
the blood of,3,5,11
shall i,2,4,1
returned,1,1,27
unto him,2,13,19
at one time,3,1,1
and when,2,5,40
humble,1,1,1
numerous,1,2,3
had no,2,2,2
concluded,1,3,1
descendant,1,1,1
your,1,8,23
until they,2,1,2
lips,1,1,2
they set,2,1,2
now she,2,1,1
against their,2,1,3
words which,2,2,2
joy of,2,1,1
the water,2,8,12
protected,1,1,1
and spake,2,2,8
him and the,3,2,4
murder,1,2,4
the children of god,4,1,1
the death of,3,1,1
desolation,1,2,5
and great multitudes,3,1,1
things as,2,2,1
ye are,2,3,2
of this great,3,1,1
sword,1,2,10
of the wilderness,3,1,8
that fought,2,1,6
service,1,1,1
success,1,1,2
against them,2,4,29
who hath,2,1,2
purpose of,2,2,1
seventy and,2,1,2
god,1,252,12
a scanty,2,1,1
nevertheless we,2,1,1
be with,2,2,3
this it,2,1,1
our father,2,4,2
this is,2,10,1
against thee,2,1,1
shall the,2,7,7
they also,2,1,1
one to,2,1,1
and who,2,3,5
not surely,2,1,1
nevertheless they,2,1,11
got,1,4,2
and with the,3,2,3
god of,2,18,4
was the fifth,3,1,1
arrived,1,4,17
belonging,1,1,1
faith in,2,1,1
children of men,3,15,5
the great waters,3,1,3
for the,2,41,73
forth to,2,3,4
the state,2,4,23
to the last,3,1,1
departed,1,6,24
the sixth day,3,1,2
against them for,3,1,1
village of,2,1,7
until he,2,1,2
before they,2,3,5
they hearkened not,3,3,1
and as,2,17,13
with,1,131,345
to an,2,1,2
had them,2,1,1
the fashion,2,1,2
joy to,2,1,1
and an,2,1,6
until this,2,2,1
been a,2,1,4
divided,1,5,2
to be,2,33,26
he came,2,1,4
young,1,3,14
the glory of,3,3,3
was greater,2,1,2
wisdom,1,13,12
which had been,3,1,5
i will give unto,4,1,1
sake of,2,1,1
wise,1,3,31
ordered the,2,1,1
fulness,1,3,1
of the second,3,1,5
that when,2,4,10
accordingly,1,5,8
there was not,3,4,1
of the almighty,3,3,1
even as it was in,5,1,1
aside from,2,1,3
his life,2,2,3
were coming upon,3,1,1
looked around,2,1,4
and by,2,15,2
heaven,1,52,16
my strength,2,2,1
and the earth,3,13,1
ever,1,10,2
among the sons,3,2,1
him into the,3,1,1
american,1,1,8
even,1,57,128
country and,2,1,5
bed and,2,1,1
eighteen hundred and,3,2,11
chariot,1,1,1
day when the,3,1,7
battle array against,3,1,2
the name of the city,5,1,1
and be,2,9,1
hundred,1,32,132
iniquity,1,2,1
therefore let,2,1,3
the fifth,2,3,8
of his heart,3,1,7
was born,2,4,1
virgins,1,3,2
the right hand,3,3,4
was more,2,1,3
cause,1,10,6
unto you,2,20,5
of a,2,12,26
time it,2,3,1
who were,2,4,33
into the heart of,4,1,3
the morning of,3,1,8
to whom,2,1,2
delivered,1,6,5
by their,2,3,3
to do,2,7,3
and when he,3,1,9
the morning they,3,1,1
them but,2,3,3
many of,2,5,7
this day and,3,1,1
river to,2,1,2
of the,2,358,1302
at this time,3,5,1
live,1,5,3
their hands they,3,1,1
from his,2,3,1
which the lord,3,3,1
who have,2,1,2
ages of,2,1,1
departed from,2,2,13
things which were,3,2,1
birth,1,1,1
angel of the,3,1,1
of thy,2,13,1
forth their,2,1,4
they knew that,3,1,1
against the people,3,1,9
messenger,1,18,4
the day when,3,1,2
wickedness and,2,3,1
with an,2,2,2
wives and,2,2,2
and as many,3,3,1
names,1,2,12
laid,1,9,7
of the east and,4,1,1
that the whole,3,1,1
become great,2,1,1
named,1,1,4
that he,2,24,15
throughout all,2,1,1
goodness with,2,1,1
kinds,1,2,1
judgment,1,2,5
after the manner,3,6,1
one another and many,4,1,1
the only,2,5,1
that purpose,2,1,1
of them and,3,3,2
and do,2,3,1
enemies of,2,1,13
violence,1,3,9
ceased,1,2,6
them but the,3,1,2
at his,2,5,2
beneath,1,2,2
having been,2,6,1
their hearts,2,7,11
i would,2,4,1
and gave,2,5,7
their ears,2,1,2
to go,2,8,40
burning,1,1,8
there the,2,1,3
in the state of new,5,2,1
after which,2,1,22
the sand,2,1,2
good and,2,16,1
were made,2,2,6
arms,1,2,10
which were not,3,2,2
evil,1,15,31
the day that the,4,1,2
and he gave,3,2,1
would not have,3,2,1
men for they,3,1,1
part of the,3,2,9
the nations of,3,1,8
name shall be,3,1,5
accordingly a,2,1,1
day being,2,1,2
equally,1,1,1
manner,1,16,6
as they did,3,1,2
and four,2,1,7
under a,2,1,2
trees of the,3,2,3
of them all,3,1,1
not be overcome,3,1,1
the ten,2,1,1
of good,2,5,1
which the lord hath,4,1,1
the hand,2,3,4
the same,2,25,61
which surrounded,2,1,1
thus were,2,1,2
and for,2,10,6
under the,2,14,7
burn,1,3,1
upon the face of,4,8,4
to pass that while,4,1,1
guilty of,2,2,1
that by,2,2,1
and in,2,24,19
one of them was,4,1,1
was on the,3,2,4
had come,2,1,5
his own,2,12,18
time for,2,1,1
after these things,3,1,4
rested upon,2,1,3
and if,2,6,4
but behold,2,5,1
and swallowed,2,1,1
kings,1,1,3
i have,2,38,3
unto it and,3,1,1
the eyes of the,4,1,1
followed,1,3,18
forth out,2,6,1
was and it,3,1,1
obey,1,2,1
poured out upon them,4,1,1
and it,2,107,59
of satan,2,1,7
high and,2,1,1
was also,2,2,4
lamb,1,1,4
in those,2,6,4
walk,1,1,1
the garden of,3,7,1
second day of,3,1,3
almost,1,2,1
the rivers,2,2,1
and he,2,106,57
his people,2,6,1
at the east,3,1,2
grievous,1,2,3
the sake,2,1,1
sorely,1,1,9
the city of new york,5,2,3
angel of the lord,4,1,1
and kept,2,1,1
not but,2,1,2
groaned,1,1,1
unclean,1,1,1
him with the,3,2,1
a thousand,2,2,32
seven hundred and,3,2,1
since the,2,3,2
all these,2,11,2
he also,2,9,1
i pray,2,3,1
reality,1,2,1
notwithstanding,1,3,9
see the,2,4,1
to destroy the,3,2,7
the waters which were,4,3,1
that day and,3,1,1
religion,1,7,3
permitted to,2,2,1
and every,2,13,1
were two,2,1,5
a man who,3,1,2
him with,2,3,3
and that,2,26,11
day but,2,1,3
of the sea,3,6,1
and it was,3,25,27
must,1,15,2
from before,2,1,6
the sound of,3,1,11
on a,2,3,4
of those days,3,3,1
the frowns of,3,1,1
and the lord god,4,3,1
grieved,1,1,6
them also,2,1,1
the bottom of the,4,1,2
which were in,3,1,1
on the,2,43,161
with him and,3,1,1
was stretched,2,1,1
land,1,64,83
the word of the,4,1,2
scripture,1,3,2
all these things and,4,2,1
till he,2,1,1
general,1,2,6
early,1,2,8
thy country,2,1,1
the day and the,4,4,1
given,1,26,24
began,1,19,33
the good,2,2,8
he saw,2,7,3
name and,2,6,1
which may,2,2,1
the earth and the,4,4,1
wickedness,1,8,28
they were all,3,1,3
of the kingdom,3,1,5
and lo,2,5,3
even as a,3,1,2
themselves for,2,1,6
of glory and,3,1,1
the city of,3,3,9
them both,2,1,1
there was not a,4,2,1
prize,1,1,1
giving,1,3,1
found,1,18,18
of were,2,3,6
angel of,2,4,3
in the name of the,5,5,2
have made,2,6,3
to that,2,1,1
manner of,2,9,4
they are,2,12,4
even as i,3,5,1
them that they,3,2,2
the midst,2,14,4
and knew,2,1,1
had taken from,3,2,2
and every man,3,1,1
and looked,2,1,1
perish,1,2,2
and on,2,3,15
be given,2,5,2
last,1,7,3
that they might not,4,1,2
by means of the,4,1,1
one with,2,1,2
and of,2,15,3
unto the voice of,4,3,3
after the,2,20,22
sons of men,3,7,4
measure,1,1,8
guilty,1,2,1
a beautiful,2,1,3
sons have,2,1,1
as they were,3,4,3
inasmuch,1,3,30
and they,2,53,118
waxed,1,1,7
harrison,1,2,24
cause the,2,2,1
smite,1,2,1
even at the,3,1,1
wars,1,6,1
the blood,2,6,11
smith,1,11,2
and no,2,2,2
as there,2,1,2
that he had,3,3,2
goods,1,1,1
over his,2,2,1
had,1,171,231
let me,2,1,1
would be,2,3,1
or the,2,5,3
over him,2,1,2
instant,1,3,1
they all,2,2,2
be found,2,1,1
men and,2,7,20
has,1,8,1
heavens,1,23,1
preserved,1,3,4
things,1,85,32
went out,2,1,17
themselves in,2,1,6
him for his,3,1,3
tribes of the,3,1,1
benefit of my,3,1,1
taken and,2,2,3
the world from,3,1,1
up against,2,1,3
flee before,2,1,3
earth to,2,6,2
were buried,2,1,1
glory of god,3,1,1
time,1,79,68
wind and the,3,1,1
despair,1,1,1
aside from the,3,1,3
noble and,2,1,2
and death,2,1,2
the second year,3,1,1
till,1,7,2
settling,1,1,1
to the voice of,4,1,1
stronger,1,1,1
made his,2,1,1
saw that,2,17,7
yea,1,13,16
gather together the,3,1,1
i will give,3,2,1
the hands of the,4,1,8
overcame,1,1,8
to them,2,4,5
jacob,1,1,17
the name thereof,3,2,2
know them,2,3,1
before it,2,5,1
barren,1,1,1
laws,1,1,4
henceforth,1,4,1
process,1,3,3
sea shore,2,1,1
them and had,3,1,1
yet,1,24,13
man therefore,2,1,1
workmanship,1,5,6
and so,2,7,2
these were,2,1,6
to one,2,1,2
the stars,2,6,3
light,1,45,9
garden,1,21,1
a day,2,3,1
with a great,3,1,1
worship,1,11,1
and one,2,4,4
sent to,2,1,4
sent forth from the,4,1,1
shall be opened,3,1,1
he moved,2,1,4
of thine,2,2,1
for the earth,3,1,1
the law,2,1,3
the words of,3,4,3
an hour,2,2,9
put,1,17,46
put the,2,2,13
her,1,17,78
would not,2,7,1
of the earth to,4,1,2
language of,2,2,3
desire,1,3,1
i will do,3,3,1
them and their,3,1,1
having,1,19,16
the lord who,3,1,1
let them,2,7,2
we would,2,1,1
and they began,3,1,4
among the,2,16,15
and caused,2,1,2
bowels,1,2,1
the borders of,3,1,21
in the air,3,3,2
ethiopia,1,1,1
the inhabitants,2,8,12
of water,2,2,2
beheld the,2,12,10
came to pass that when,5,2,1
unto me that,3,1,1
before,1,53,61
lord and,2,16,1
die yet his,3,1,1
the tribes of,3,1,1
and to,2,33,13
far from,2,2,1
confirmed,1,1,3
their numbers,2,1,5
the fish of,3,3,2
the cry,2,1,1
the west,2,3,10
and he sent,3,1,1
this he,2,2,2
of them from,3,1,1
that was,2,3,4
no man,2,6,3
to this,2,2,4
beginning of the,3,4,1
them to be,3,4,1
receive,1,8,5
was taken out of,4,2,1
away from,2,3,2
the two,2,1,3
and as he was,4,1,1
of the deep,3,2,5
eighth,1,1,11
the spirit of,3,9,6
not the,2,6,19
glory the,2,1,1
tree,1,28,1
the mountains,2,6,2
history,1,7,5
judgment of,2,1,2
even the,2,8,23
and let the,3,1,2
neither,1,11,39
let us,2,6,2
to rule over,3,3,2
to come,2,6,6
notwithstanding the,2,2,1
he called,2,9,2
not a,2,2,5
go forth in,3,1,1
account,1,7,5
the lord was,3,6,1
and held,2,1,2
small,1,1,18
hid,1,3,2
upon another,2,1,3
they unto,2,1,1
powers of,2,5,5
him,1,118,184
and brought,2,3,2
and he departed,3,1,1
him to the,3,1,1
his,1,230,328
nor the,2,1,1
ways,1,3,1
and we,2,13,5
kingdom of,2,3,9
amongst the,2,2,7
service of,2,1,1
give unto,2,4,3
reason and,2,1,1
west side,2,1,1
forth with,2,3,3
were called the,3,1,4
displayed,1,1,1
was called,2,8,18
of the royal,3,1,1
in safety,2,1,3
they came,2,2,17
for it was,3,4,7
the wrath of,3,1,2
me in the,3,2,1
all mankind,2,3,1
god for his,3,1,1
in the middle,3,1,1
glad,1,2,4
he bowed,2,1,1
meat,1,5,3
all kinds,2,2,1
the place where,3,6,6
the inhabitants of the,4,2,4
earth and it was,4,4,1
and began to,3,3,1
in its,2,1,1
whole face of,3,3,4
time was,2,2,1
their,1,88,473
in the meantime,3,1,6
point,1,1,5
covered with,2,1,7
out of the,3,15,12
to our,2,3,1
the face of,3,14,9
many of the,3,3,3
his heart was,3,1,2
all manner,2,1,3
the land and the,4,2,1
saw this,2,1,2
and ye,2,4,4
fashion of,2,1,3
bear,1,7,2
the night,2,10,15
to get,2,5,3
in the second,3,1,2
of human,2,1,1
devised,1,1,1
early in,2,1,8
his father,2,3,3
comforted,1,1,1
killed,1,1,16
and get,2,2,2
the wilderness,2,1,12
to preach the gospel,4,1,1
answer,1,3,1
we may,2,2,2
refuse to,2,1,1
of the sun,3,1,12
of being,2,1,2
passed,1,2,15
in process,2,3,3
day the,2,2,4
put upon,2,2,1
set the,2,1,1
children shall,2,1,1
which upon the,3,1,1
now the,2,8,77
thing which,2,1,1
yea even the,3,1,2
city and,2,1,6
sent from the,3,1,1
the plains,2,2,3
to sweep the,3,1,1
be mentioned,2,1,1
the west and the,4,1,1
even unto this day,4,1,2
and our,2,5,3
in the place,3,2,4
you,1,52,20
and thou,2,13,2
came and,2,3,3
the people of,3,12,97
over the face,3,1,2
prepared for them,3,2,2
the evening of the,4,1,1
the voice,2,11,11
transgressions,1,1,3
he spake unto,3,1,1
them all,2,4,3
prince of,2,1,2
upbraided,1,1,1
meet,1,7,17
the gospel,2,10,2
and the hearts of the,5,1,1
buried in,2,1,2
the whole land,3,2,2
the doings,2,1,1
old and,2,1,1
been,1,27,37
them and,2,26,57
and darkness,2,1,1
presence of the,3,2,1
hot,1,1,8
the field,2,19,5
how,1,9,4
were the,2,13,22
are the,2,7,5
peter,1,1,4
the cattle,2,2,1
should not,2,2,1
was taken,2,5,6
the sons of,3,16,10
all nations and,3,4,1
were a,2,2,5
with one of the,4,1,4
the evil which,3,1,1
one time,2,1,1
and slew him,3,1,1
upon the high,3,2,1
known in the,3,1,2
unto them the,3,1,2
take,1,17,9
whom he,2,3,8
spake,1,29,18
night time,2,1,3
although,1,1,15
direction of,2,1,1
and your,2,1,2
pass that the,3,7,10
and there came,3,3,1
confusion,1,3,3
lord in the,3,2,2
he beheld,2,10,1
the sight of,3,2,4
man was,2,1,2
sometimes,1,3,2
the deep and the,4,1,1
his heart,2,5,14
unto us,2,2,7
made known unto,3,2,1
arrived at the,3,1,2
deceived,1,1,9
gave unto,2,5,5
bands and,2,1,2
shall never,2,3,2
holy,1,25,4
own hands,2,2,3
of a thousand,3,2,2
sold,1,1,1
passed away,2,1,2
the altar,2,4,1
the trees,2,2,3
and lifted up,3,1,1
continued his,2,5,1
of the land of,4,2,22
home,1,3,5
of one of,3,1,3
where the,2,2,20
unto this,2,5,7
not have,2,6,1
and the hearts of,4,1,1
a man to,3,3,2
had heard,2,3,2
thereof,1,30,93
iron,1,1,13
time shall,2,1,1
send in,2,2,1
a man,2,11,43
up by,2,2,2
in all,2,6,6
and smote the,3,1,1
beginning,1,27,4
in the name,3,14,3
first and,2,2,1
for he knew,3,1,1
hold,1,2,82
and delivered,2,1,2
swallowed,1,1,1
in the second year,4,1,1
the benefit,2,1,3
listened,1,2,1
the head of,3,1,1
new york and,3,2,5
when shall the,3,3,1
the name of his,4,2,1
the destruction,2,4,1
return,1,7,15
kept the,2,1,4
any of,2,4,1
the clouds,2,2,1
and he spake,3,2,1
the east,2,6,25
sought,1,9,2
it was a,3,1,8
master,1,5,9
heavy,1,1,9
the night and the,4,1,1
in and,2,6,3
was exceedingly,2,1,1
went to,2,8,3
to the people,3,1,2
it was the,3,6,2
not ashamed,2,2,1
however it,2,1,6
host of,2,2,63
they were a,3,1,1
to sweep,2,1,1
the right,2,8,5
those things,2,3,9
the wicked the,3,1,1
some,1,19,26
righteous man,2,1,2
of the day and,4,3,1
and immediately,2,3,4
summer,1,1,1
could get,2,2,1
he had a,3,1,1
left to,2,2,1
second time,2,1,4
the face of the earth,5,5,1
just,1,6,1
the day,2,33,30
together,1,9,23
the fiery,2,1,3
take his,2,1,1
and shall,2,15,3
even unto,2,4,9
could,1,24,14
and say unto,3,2,1
gathered,1,6,11
any of the,3,1,1
so shall it be,4,1,1
man who,2,2,4
afar off,2,3,1
evening,1,19,3
of the air and,4,9,1
able,1,2,3
and great,2,5,1
it was on the,4,2,1
this was,2,7,6
into our hands,3,1,2
it had been,3,1,2
all their,2,3,9
this war,2,1,1
a prince,2,1,1
so shall it,3,1,1
the grave,2,1,1
of the deep and the,5,1,1
were pleased,2,1,4
hope,1,3,6
eight,1,11,18
soon,1,9,2
went up,2,3,1
sons,1,38,20
from our,2,1,2
to go home,3,1,1
of hosts,2,1,3
in the sight,3,1,4
and blood and,3,1,1
on the other,3,1,4
and there are,3,1,1
by the hand,3,2,1
of that day,3,1,4
and accordingly,2,1,2
the midst of the,4,5,4
black,1,1,28
heart,1,17,26
hand of the,3,2,2
land which,2,5,4
friends,1,1,10
the place and,3,1,9
lord who is,3,1,1
had put,2,1,1
drove,1,1,17
inhabitants of,2,4,9
the month,2,2,10
true,1,8,2
valley,1,1,2
sore,1,3,9
the fulness of,3,2,1
was carried,2,1,1
as it were,3,2,10
those days,2,10,4
moses,1,42,1
up in,2,1,4
there is a,3,1,3
heaven and,2,16,4
sixty and,2,1,1
the young man,3,1,3
about four,2,1,12
out from,2,5,1
and even,2,2,1
and worship,2,1,1
the almighty,2,5,1
heard,1,26,29
as their,2,1,2
mankind,1,3,1
pleasant,1,3,6
preach the gospel,3,1,1
whence he was,3,1,1
and put it,3,2,1
it and,2,15,3
come unto,2,2,1
concerning,1,17,3
of those who,3,1,4
the whole,2,11,24
as it was in,4,3,1
lions,1,1,4
the third day,3,1,5
man be,2,2,2
thyself,1,1,1
against him,2,1,4
waters and the,3,1,1
his wickedness,2,1,1
since,1,5,3
present,1,6,1
by his,2,5,1
coming,1,13,6
but the,2,13,59
before him,2,6,3
borders,1,1,26
when his,2,1,1
into the water,3,1,1
but i,2,5,1
state of,2,7,23
youth and,2,2,2
therefore shall,2,3,1
but a,2,1,8
and with,2,5,9
seven years,2,1,1
one another and,3,3,1
host,1,2,76
the wickedness of,3,2,12
rule over the,3,3,1
may not,2,2,3
troubled,1,2,6
the evening of,3,1,1
now behold,2,3,1
in their,2,8,37
and evil,2,9,1
with fear,2,2,3
himself to,2,1,2
the other,2,12,15
sands,1,1,1
them from,2,3,13
of among,2,1,1
the cause of,3,2,1
for many,2,1,1
known unto the,3,1,2
afraid,1,2,15
certainty that,2,1,1
the waters and,3,2,4
the eyes of,3,2,3
year of,2,2,23
feared,1,1,1
of man,2,24,7
soul,1,10,3
borders of the,3,1,12
of the same,3,2,27
in the sea,3,1,2
it may be,3,2,1
rest of,2,1,4
hour,1,5,22
the second day,3,2,5
one thousand eight,3,4,9
unto it,2,1,2
fish of the,3,3,3
all the inhabitants of the,5,1,1
blessed are,2,1,2
the fowls,2,1,1
and the morning,3,6,1
weary,1,1,2
of the inhabitants,3,1,2
numbered,1,5,5
their hands,2,2,13
people,1,48,178
down into the water,4,1,1
and put it into,4,2,1
repented not,2,1,1
the place where the,4,2,3
me in,2,6,1
was the,2,27,26
showed,1,3,2
coming of,2,6,2
face,1,35,13
book of,2,9,7
the temple,2,3,2
fish,1,3,3
after day,2,1,2
it came,2,60,84
years and he,3,9,2
were but,2,1,1
to dwell,2,1,2
spoken unto,2,3,1
sabbath,1,1,2
down the,2,1,3
they had heard,3,1,1
arose and,2,1,6
as though the,3,1,1
whose name was and,4,1,5
adam and,2,11,1
was a,2,16,56
pieces,1,1,14
came to pass that they,5,1,1
he said,2,24,2
fire,1,3,38
fell into,2,1,11
man whom,2,2,2
right and,2,1,1
answered and said unto them,5,1,1
concerning it,2,1,1
certainty,1,1,1
the spaniards,2,1,3
great and,2,5,3
between the,2,2,8
the fire of,3,1,1
them and they,3,3,12
scriptures,1,1,2
abandon,1,1,1
dwell in,2,5,1
so shall,2,5,2
had been,2,11,22
of the world,3,9,5
nevertheless,1,6,68
all the nations of the,5,1,3
removed the,2,1,1
of men,2,33,18
afterward,1,2,1
in the midst of the,5,5,3
and must,2,1,1
leaves,1,1,1
in the beginning of,4,1,1
of god which,3,1,1
the four winds,3,1,1
wonder,1,2,1
free,1,1,5
the land of and,4,7,1
is in the,3,3,1
he a,2,1,1
idolatry,1,2,1
answered,1,6,4
the fear,2,3,1
the royal,2,1,6
slept,1,2,2
on a certain,3,1,1
west and the,3,1,1
indeed,1,3,1
not taken,2,2,1
sent forth from,3,1,1
imaginary,1,1,1
and commanded them,3,1,2
he the,2,1,1
with great,2,3,23
like lightning,2,1,1
a loud,2,5,3
father,1,61,7
beast of,2,8,1
man is,2,2,1
those things which were,4,1,1
in battle array,3,1,10
me that,2,11,1
was called the,3,2,7
hath not,2,1,4
west side of,3,1,1
ruin,1,1,3
do so,2,2,1
were the same,3,1,1
them and to,3,1,1
again,1,42,25
opened and,2,3,3
every,1,46,12
the man,2,17,4
five,1,5,37
the from the,3,1,1
man in,2,8,1
up to,2,5,4
first,1,31,30
winged,1,2,1
him he took,3,1,1
may be,2,5,6
to receive,2,2,3
solomon,1,1,7
fain,1,1,4
doors,1,1,2
came forth and,3,1,1
is more,2,1,4
they called,2,13,6
had previously,2,1,1
of many,2,4,4
the hosts,2,1,2
the south and,3,1,10
tree of,2,12,1
death,1,7,27
it were a,3,1,2
won in,2,1,1
the first of,3,2,1
it were the,3,2,1
during,1,3,2
in these,2,1,6
and their eyes,3,1,1
rule,1,13,3
there was great,3,1,1
had great,2,1,2
winds,1,1,7
works of,2,1,1
and to destroy,3,1,1
safety,1,1,12
hands of,2,2,12
and knew not,3,1,1
north and,2,1,6
whom he had,3,2,2
wisdom of,2,1,4
he went,2,1,5
caused,1,12,7
there were,2,10,23
man of,2,5,19
cursed the,2,2,1
of wood,2,1,2
fourth day,2,1,6
established,1,3,2
the face of the deep,5,2,1
the moon and,3,1,1
unto them,2,17,19
deep and the,3,1,2
when he saw,3,1,2
they hearkened not unto the,5,1,1
unto thee,2,14,2
of men and,3,3,2
us to,2,2,2
earth with,2,4,1
remnant,1,2,1
bring them,2,1,1
for he is,3,1,2
i command,2,1,1
the number of,3,3,29
saying let,2,1,1
a message,2,1,1
fair,1,2,5
the which was,3,1,1
of the children,3,6,1
order to,2,1,1
shall it be,3,1,2
the wicked,2,8,6
unto one,2,3,3
stronger than,2,1,1
blaze,1,1,2
west and,2,2,1
smite them,2,1,1
and had,2,5,6
for a time,3,2,2
shall surely,2,1,1
finger,1,2,1
were opened and they,4,1,1
and he was,3,2,10
the wisdom of,3,1,3
hearkened unto the,3,4,2
from the bowels,3,1,1
covered,1,3,8
appearance,1,1,2
hearkened,1,10,3
the bitterness of,3,1,1
left the land of,4,1,1
sun and the,3,1,2
unto me,2,52,5
fear of,2,2,1
on the day,3,3,16
perfect,1,1,1
according,1,17,3
together and,2,1,5
he saw the,3,2,2
number of,2,5,37
space,1,6,21
the spirit,2,13,6
being the,2,3,6
to the city,3,2,4
history of the,3,2,1
deceived for the,3,1,1
again the,2,1,3
right hand of,3,3,1
fall,1,9,6
to put,2,2,5
the earth were,3,2,1
which was built,3,1,1
wicked one,2,1,1
being a,2,1,1
an instant,2,2,1
the seventh day,3,3,2
another place,2,1,1
hands they,2,1,1
and lifted,2,1,2
and it shall,3,8,1
bottom,1,1,2
nigh,1,3,50
sisters,1,1,2
on the fifteenth day of,5,1,2
imagination,1,1,1
the garden of eden,4,7,1
believe it,2,2,1
worship him and,3,1,1
order of,2,1,2
hands to,2,1,1
bosom,1,9,6
another like,2,1,2
was upon,2,8,1
clouds of,2,2,4
they shall surely,3,1,1
would bring,2,1,1
willing to,2,1,1
into the land of,4,2,1
forth in,2,5,1
stead,1,2,2
opened and they,3,1,1
heart of the,3,1,3
and her,2,1,6
wherein he,2,1,1
lest he should,3,1,1
shall it be with,4,1,1
to gather,2,2,2
array,1,1,13
shall not be lost,4,1,1
his sons,2,2,1
and put,2,5,12
thereof shall,2,1,2
prize the,2,1,1
from,1,176,207
called after,2,2,5
which i have,3,7,1
deceive the,2,1,1
ashamed,1,2,5
the lord,2,192,22
a whirlwind,2,1,1
rejoiced in,2,1,2
man to,2,4,5
done in,2,1,1
truth,1,14,5
were forced to,3,1,1
not like unto,3,1,1
the word,2,7,5
that his,2,3,5
and the eyes of,4,1,1
far from the,3,1,1
shortly,1,2,2
be shaken,2,2,1
wherefore,1,30,2
with them to,3,1,1
come to pass,3,4,3
let her,2,1,1
were an,2,1,6
kindly and,2,1,3
to him,2,9,3
him saying,2,4,6
them from the,3,1,8
in the ways of,4,1,1
twenty years,2,1,1
was led,2,2,1
to his,2,7,16
their name,2,1,2
sweep the,2,1,1
out and,2,3,4
upon the mountains and,4,1,1
but as it,3,1,1
that which,2,12,2
conducted,1,1,2
ray,1,1,1
have come,2,4,1
go down,2,4,2
persons,1,1,2
to the city of new,5,2,2
in their hearts,3,2,2
were under,2,2,4
face of the deep and,5,2,1
there came,2,5,3
in the night time,4,1,3
shaken,1,2,3
he should be,3,1,1
sent from,2,1,2
there and,2,5,3
he led,2,1,1
his glory,2,5,1
with her,2,2,1
and his,2,27,51
sent forth,2,5,8
poor,1,2,9
to destroy,2,4,9
shall not surely die,4,1,1
in the state,3,3,14
and taught,2,2,1
depart,1,5,11
unto this people,3,2,1
and drink,2,1,1
the beginning of,3,7,1
called by,2,1,4
respect,1,2,2
helpless,1,1,3
moved upon the,3,1,4
strength and,2,2,3
i am well,3,1,1
had gathered,2,1,1
recorded,1,1,6
put into,2,1,1
away but,2,1,1
and the inhabitants,3,2,2
followed after,2,2,11
raged,1,1,3
astonishment,1,1,6
the judgment of the,4,1,2
she should,2,1,1
united,1,3,62
senses,1,1,1
let him,2,4,1
therefore,1,32,19
of new york and,4,2,4
in the night,3,1,6
act,1,2,4
and they took,3,2,1
happiness,1,1,1
was afraid,2,2,3
his head and,3,2,1
had already,2,3,1
had given unto,3,2,1
to you,2,2,1
its,1,17,17
manchester,1,4,1
from the beginning,3,9,3
message,1,2,3
the blood of the,4,3,4
which was,2,15,13
a righteous man,3,1,1
put it into,3,3,1
were coming,2,1,1
land of the,3,3,1
on the seventh day,4,2,1
city of new york and,5,1,1
nine,1,6,3
the ancient,2,1,1
of egypt,2,8,1
moved,1,4,35
bottom of,2,1,2
were used,2,1,4
the work,2,2,4
up upon the,3,2,1
previously,1,3,1
going on,2,1,1
life of man,3,1,1
the coming of,3,6,2
invented,1,1,5
learned,1,1,2
thought of,2,1,1
nothing,1,2,3
looked,1,16,7
according to the,3,8,1
fell upon him and he,5,1,1
volumes,1,1,2
into his,2,4,3
voice of,2,10,11
the buildings,2,1,1
the house of,3,2,1
against the people of,4,1,9
mighty,1,1,58
on the face of the,5,1,1
to take,2,9,5
silver,1,3,25
the hearts of,3,2,6
was done,2,3,1
upon the children of men,5,1,2
blessing,1,2,1
removal,1,1,1
age,1,3,6
in order to,3,1,1
a new,2,1,4
and from the,3,2,6
it being,2,1,1
hearts of,2,2,7
entered into,2,3,3
men the,2,1,5
food and,2,1,3
saith,1,3,2
years,1,45,20
number,1,7,44
and take,2,3,2
evening of the,3,1,1
from thence,2,4,1
were in,2,7,13
face of the deep,4,2,1
saying i,2,8,2
she was taken,3,2,1
them into,2,1,3
and the name,3,5,15
tender,1,2,3
the voice of,3,10,11
the hands,2,2,13
to cross,2,1,6
meantime,1,1,6
dark and,2,2,3
his mouth,2,1,7
attempt to,2,3,2
what they,2,1,1
future,1,1,1
prayers,1,1,1
aid,1,1,3
powerful,1,1,3
them saying,2,3,3
royal,1,2,8
time it had,3,1,1
but the people of,4,1,4
ye shall be,3,2,1
shalt be a,3,1,1
have known,2,1,1
came down,2,4,4
whole face of the,4,3,4
fathers,1,19,10
their children,2,2,2
to be in,3,1,1
about the,2,1,53
departed from the,3,2,10
power have,2,1,1
they made,2,1,12
air,1,14,18
were four,2,1,1
removed,1,2,1
his command,2,1,5
and as they,3,1,4
tell it not,3,1,1
commenced,1,5,1
the land of,3,26,54
these things were,3,3,2
called on,2,1,2
the faith,2,1,2
yield,1,1,1
the winter,2,1,1
and in process,3,1,1
from the face,3,2,1
other,1,25,41
of the children of,4,3,1
read,1,2,4
always,1,2,2
the lord hath,3,1,2
to the grave,3,1,1
destruction of,2,4,3
we not,2,2,3
name of his,3,2,1
filled,1,8,3
put forth,2,2,2
man and his,3,2,2
already,1,3,3
a place which,3,1,1
they did,2,2,7
dwelt in,2,8,1
the least,2,1,1
were killed,2,1,1
going to,2,3,1
the place of,3,3,1
they remained,2,1,1
to battle,2,1,11
and all the people,4,1,2
oliver,1,5,2
had taken,2,2,7
among all,2,11,1
the remnant of,3,1,1
city,1,8,53
side of,2,1,11
was built,2,1,2
unto them and they,4,1,1
as he was,3,2,2
reigned,1,1,1
of the day,3,4,12
there also,2,1,1
forth in the,3,4,1
amongst,1,2,22
house of,2,2,2
which he called,3,1,1
unto death,2,1,4
and began,2,3,2
went and,2,2,1
abroad,1,4,8
fifteen,1,2,5
all,1,226,84
have fallen,2,1,1
the year,2,4,7
was prepared,2,1,2
and iron,2,1,2
glory,1,29,13
light in the,3,1,1
the wind and the,4,1,1
asunder and,2,1,2
me with,2,4,1
until,1,37,14
the first day,3,1,6
to appear,2,1,1
and some,2,2,3
the peaceable,2,1,2
to the voice,3,1,1
mouth and,2,1,3
shed,1,3,1
buried,1,2,6
the great,2,10,99
body,1,3,6
weakness,1,2,1
with his,2,3,35
the dark and,3,2,1
and,1,1904,2274
waters that,2,1,1
with him,2,8,9
saying,1,68,34
beheld not,2,1,1
their heads,2,2,1
coming upon,2,1,1
weep and,2,1,3
all the inhabitants of,4,1,1
their eyes,2,1,2
lightning,1,1,4
now for this,3,1,1
abroad and,2,2,2
in the midst,3,13,3
hosts,1,2,5
and ye shall,3,3,3
good and evil,3,9,1
on the sabbath day,4,1,2
any,1,24,3
go into,2,2,2
and pitched,2,1,2
that he was,3,2,1
smith a,2,1,1
cast out,2,1,1
substance,1,1,2
in his own,3,2,6
from the face of,4,2,1
good man,2,1,1
year and,2,1,4
thought,1,3,1
reason,1,3,1
district of,2,1,3
down at,2,1,1
souls and,2,1,1
are many,2,4,1
blessed them,2,4,2
the end of,3,10,1
altar,1,10,1
to go and,3,2,1
voice for,2,1,1
end of the,3,6,3
rest and,2,2,2
be taken,2,4,1
our eyes,2,1,1
have prepared,2,1,2
brass and,2,1,3
grace,1,7,1
goodness,1,1,4
for such,2,1,1
captive,1,1,24
although the,2,1,4
broke,1,1,4
seventy and seven,3,1,1
in these days,3,1,5
in the days of the,5,1,1
men were,2,3,7
fell upon him,3,1,3
abraham,1,24,2
spirits,1,6,5
so shall it be with,5,1,1
and given,2,1,2
head of,2,1,1
the midst of,3,14,4
concerning the,2,9,2
called by the,3,1,4
of the former,3,1,1
which they,2,6,24
that the wickedness of,4,1,1
lord of hosts,3,1,1
to the other,3,2,1
not unto the,3,1,2
of all nations,3,1,1
hand so,2,1,1
of new,2,5,16
acts,1,1,6
unto them to,3,1,1
men have,2,2,1
me even,2,1,1
are,1,63,65
return to,2,1,6
taken,1,16,27
the presence,2,10,1
of the deep and,4,2,1
ark,1,2,2
be taken and,3,2,1
from heaven,2,3,3
the end,2,16,1
smitten,1,1,5
it in the,3,1,2
art,1,18,4
the man and,3,5,1
kinds of,2,2,1
of another,2,1,1
land that,2,1,1
are mighty,2,1,2
be unto,2,2,1
he had made,3,1,1
which in,2,1,12
the waters that,3,1,1
and he called,3,6,1
which is,2,23,19
who was,2,13,3
astray,1,1,5
caused them to,3,1,3
in the sight of,4,1,4
neighborhood,1,3,1
name,1,68,108
ask,1,9,1
forth from,2,2,5
parties,1,4,2
evening of,2,1,1
not far from the,4,1,1
through,1,12,10
man even,2,2,1
approaching,1,1,2
strength,1,7,18
while he was,3,2,1
fallen into,2,1,1
arrived there,2,1,1
is slain,2,1,3
if i,2,6,1
spoken of,2,3,6
mother,1,9,1
unto a place,3,1,4
either,1,1,1
of great,2,7,13
preach,1,1,1
if the,2,1,3
could not,2,11,5
of the east,3,1,6
which he,2,11,12
came,1,99,164
susquehanna,1,2,1
the deep and,3,2,1
so and,2,3,3
those,1,28,49
spoken of by,3,2,1
suddenly,1,2,2
the destruction of,3,4,1
in the same,3,3,14
they have,2,6,2
unto,1,306,170
on the fifteenth,3,1,2
lord hath,2,2,2
who were the,3,1,2
watched,1,2,1
they were,2,38,91
mouth,1,9,16
giants,1,2,1
from their,2,2,10
and it came to,4,58,22
duty,1,1,1
leaving,1,2,6
he did,2,3,1
who lived,2,1,1
one of them,3,4,1
the world and,3,5,1
are we not,3,1,1
of righteousness,2,4,1
while they were,3,2,2
those that,2,1,2
were commanded,2,1,6
pharaoh,1,12,2
hand of,2,6,6
presence of,2,10,1
view,1,1,1
remain in,2,2,1
heavy upon,2,1,1
on a certain day,4,1,1
dust,1,6,21
certain day,2,1,2
this great,2,1,1
thousand eight,2,4,9
voice of the,3,5,2
eighteen,1,2,11
days the,2,1,4
soul which,2,1,1
spread,1,2,17
that had,2,2,8
therefore say,2,1,1
the noble,2,1,2
land of,2,30,56
moon,1,5,1
and the great,3,1,10
enough,1,1,3
failing,1,1,1
and five,2,3,7
born in,2,1,1
fowls,1,1,1
book,1,13,7
the new,2,2,1
two days,2,1,1
day which,2,1,1
be greater,2,1,1
be cast,2,1,1
after the name,3,1,2
according to,2,17,3
hands and,2,3,8
city of new,3,2,5
beginning of,2,9,1
evil and,2,3,4
which to,2,1,8
born,1,8,1
more,1,22,56
lifted,1,8,4
inasmuch as,2,3,30
he made,2,4,4
tribes,1,2,4
he repented,2,1,1
in about,2,1,5
that the sons,3,1,1
go down into,3,1,1
while he,2,2,2
and ten years,3,1,1
and he slept,3,2,1
parted,1,3,3
earth and it,3,6,1
his age,2,1,1
three hundred,2,1,9
things were,2,5,2
was made,2,1,7
pass that while,3,1,1
eight hundred and,3,9,8
there shall,2,12,1
the fifteenth day of,4,1,3
fulfilled,1,10,1
arms and,2,1,3
the powers of,3,5,1
rent,1,1,6
it caused,2,1,1
cast,1,3,24
said unto them,3,5,3
glorious,1,2,1
bore,1,2,4
to pass that when,4,2,1
up their,2,3,4
and the eyes,3,1,1
same that,2,2,1
that while,2,1,1
kind,1,22,1
and repent,2,2,1
into the land,3,3,1
adam,1,62,1
king,1,9,286
earth shall,2,4,3
were not,2,6,21
both,1,14,15
all things,2,29,2
themselves in the,3,1,3
of the wicked,3,5,1
belonging to the,3,1,1
most,1,7,3
was sorely,2,1,6
daughter,1,6,1
to rule,2,10,2
mountains and,2,1,2
place where the,3,2,3
to repent,2,3,1
ye may,2,2,1
in a,2,13,13
there was a,3,5,13
eaten,1,2,2
themselves in the land,4,1,1
deep and,2,3,4
the hand of,3,3,3
a veil,2,1,2
in the,2,214,344
destruction of the,3,3,3
had come to,3,1,3
of was,2,3,3
kindled,1,4,1
where,1,17,55
blood and,2,2,3
the of his,3,2,2
blood and the,3,2,1
wrapped,1,1,1
him and,2,16,31
have we,2,1,3
in thy,2,4,1
rest,1,10,8
also,1,77,21
kingdom,1,12,10
in the name of,4,14,3
increase,1,2,1
depart in,2,1,1
bones,1,2,3
people and they,3,1,1
the same that,3,2,1
few days,2,1,1
and went upon,3,2,1
presence for,2,1,1
tribes of,2,1,1
beginning they,2,1,1
whole land,2,2,2
their enemies,2,1,1
beginning to,2,2,2
his words,2,3,3
poured,1,1,4
a great,2,6,18
cloud,1,1,1
joy,1,7,13
darkness unto,2,1,1
with me and,3,4,1
sin and,2,1,1
midst of,2,14,4
he would,2,9,3
a certain,2,1,24
mentioned,1,3,1
and departed,2,1,2
sheep,1,1,4
prophesied,1,8,1
afterwards,1,4,3
live forever,2,1,1
will do,2,6,1
bound,1,1,3
sat,1,1,10
those things which,3,3,4
come down,2,3,1
words,1,27,17
saw,1,43,23
the next,2,1,24
say,1,25,5
the north,2,1,30
together the,2,1,2
from by the,3,1,1
that there were,3,3,1
an hundred,2,1,38
frowns,1,1,1
came upon,2,1,3
days and the,3,1,1
somewhat,1,1,4
for food,2,3,1
still there,2,1,1
is written that,3,1,1
of the water,3,4,3
had found,2,1,1
the time of,3,5,2
greatly,1,6,6
had given,2,4,2
the fashion of,3,1,2
battle,1,2,84
however,1,4,35
by and,2,2,1
inasmuch as they,3,1,13
bad,1,1,3
of remembrance,2,2,1
the bitterness,2,1,1
and from,2,17,8
and he had,3,1,5
these are,2,3,1
taken from,2,2,5
did he,2,1,6
and we are,3,1,3
and they made,3,1,6
suffer,1,1,8
day after,2,1,4
early in the,3,1,8
offer,1,8,1
was about,2,1,41
is a,2,7,11
now after,2,2,1
sent his,2,1,1
thereof to,2,2,3
places and,2,2,2
the fifteenth,2,1,3
is gone,2,1,1
with great by,3,1,1
joined,1,1,4
and with his,3,1,1
means of the,3,1,1
is the,2,18,4
shall see,2,6,1
faith and,2,1,1
place of,2,4,4
began to,2,17,24
you and ye shall,4,1,1
difficulties,1,1,2
only the,2,1,1
of which,2,6,10
and it is,3,3,1
down into,2,2,8
and in that,3,2,1
thousand eight hundred and,4,4,8
river,1,5,61
the was,2,1,5
beauty,1,1,5
and they sought,3,1,1
the way,2,5,2
shall be given,3,4,1
they a,2,1,1
but the people,3,1,5
so likewise,2,2,1
the town,2,1,23
even as they,3,3,1
sea,1,12,15
sixth,1,2,10
see,1,23,4
servant,1,10,1
for an,2,2,4
joy and,2,2,1
the mountains and,3,1,2
for as,2,5,2
partake,1,1,1
righteousness for the,3,1,1
the arrival of,3,1,1
me i pray thee,4,1,1
set,1,16,15
living,1,16,1
from before the,3,1,3
the ground,2,20,1
who had been,3,1,3
brilliant,1,1,1
east and,2,2,3
no one,2,2,1
prophet was,2,1,1
to spread,2,1,1
the day of,3,7,18
false,1,3,6
entered,1,3,3
all those,2,2,1
bread,1,2,7
whose name,2,2,40
to their,2,1,20
that ye,2,6,3
the light of the,4,1,2
rose up,2,1,5
his name,2,8,16
cross the,2,1,2
thou art,2,15,1
bed,1,2,1
was in the days,4,2,1
took it,2,2,3
i am,2,30,2
and when the,3,1,20
dead,1,1,6
god and,2,30,2
eyes,1,19,8
amidst,1,1,1
a decree,2,2,3
the fish of the,4,3,2
refused to,2,1,4
they fled,2,1,9
the fat,2,1,1
the sound,2,1,15
the light of,3,1,2
over,1,38,42
the when,2,1,1
destroy,1,7,13
given in,2,1,2
will be,2,6,7
that after,2,1,1
directed,1,1,1
yea even,2,4,5
she,1,16,55
him forth from the,4,1,1
he fell,2,1,5
then began,2,1,1
plant,1,3,2
who is,2,7,6
in the field,3,4,1
to preach the,3,1,1
with one,2,1,6
the power,2,9,2
nations and,2,4,3
the day that,3,8,2
the righteous,2,3,1
and their,2,9,64
hosts of,2,1,2
and given unto,3,1,1
commanded to,2,1,1
signs,1,3,1
children,1,33,33
sin,1,5,2
of an,2,2,9
getting,1,4,1
mouths,1,1,10
sit,1,1,1
greater,1,12,9
of whom,2,2,1
drink,1,1,3
moved with his,3,1,1
foolish,1,2,4
spirit of the,3,3,2
for if,2,1,1
made and,2,6,2
for the space,3,4,3
for in,2,6,3
man his,2,2,1
the night and,3,5,4
likewise,1,2,13
as it was in the,5,3,1
to pass that,3,53,27
battle array against the,4,1,2
for as they,3,1,1
near unto,2,3,5
john,1,3,1
defy,1,1,1
report,1,1,1
of by,2,3,3
of vermont,2,2,2
brought,1,10,16
he commanded,2,3,1
state of vermont,3,2,1
for he,2,11,21
deep,1,6,27
heart of,2,2,6
they shall see,3,3,1
nations,1,10,34
night and,2,14,5
the hearts,2,2,6
beside,1,1,3
even as it,3,3,2
built upon the,3,1,1
was ready to,3,1,1
side,1,2,17
satisfied,1,1,1
caused them,2,1,3
to its,2,3,2
upon the mountains,3,2,1
it were,2,4,10
deceived for,2,1,2
into our,2,2,2
hide,1,1,1
did so,2,1,1
the peace,2,1,2
under the direction of,4,1,1
instruction,1,1,1
again and,2,2,3
inhabitants of the earth,4,2,1
moved upon the face of,5,1,1
begin,1,4,1
little,1,5,19
powers,1,6,6
is he who,3,1,1
it was about,3,1,8
works,1,11,2
prophet,1,9,4
of peace,2,1,5
alive,1,2,1
they went,2,1,10
darkness the,2,1,1
and again the,3,1,2
words of,2,4,4
time even,2,1,2
world,1,31,11
of the third,3,2,4
for it,2,11,15
said unto,2,72,13
was among,2,1,1
the former,2,1,1
join,1,7,4
the which,2,3,3
this time,2,9,26
until the,2,12,6
sixty,1,1,1
the south,2,1,38
the hour of,3,1,3
nature,1,3,2
thrown,1,2,1
three hundred and,3,1,2
of the lord,3,28,9
preserve,1,2,1
and these,2,2,1
and there were,3,2,7
had departed,2,2,4
themselves to,2,3,2
days and,2,5,5
for it is,3,3,2
surely die,2,6,1
the at,2,1,1
new york,2,7,15
the purpose,2,2,1
men by the,3,1,1
i in,2,1,1
another until,2,1,1
parents,1,1,1
and again,2,13,3
they the,2,3,4
the hosts of,3,1,2
moved upon,2,2,4
were opened and,3,1,2
they began to,3,1,6
cursed,1,9,1
angel,1,9,3
and the fire,3,2,1
anger,1,3,1
some of,2,2,19
which thou,2,13,1
son,1,63,2
of israel,2,1,7
to preach the gospel and,5,1,1
some of them,3,1,2
to these,2,2,1
all the nations,3,1,3
in their own,3,2,4
for such a,3,1,1
to pass in,3,1,12
for he had,3,1,8
death of,2,1,2
the field before,3,4,1
out of the earth,4,1,1
with our,2,1,1
though the,2,1,1
men whose,2,1,1
came a,2,3,3
upon the face,3,9,4
establish,1,1,1
from the land,3,3,4
earth,1,152,36
was covered,2,1,6
bottom of the,3,1,2
five hundred and,3,1,1
the bowels,2,1,1
for that,2,1,1
make a,2,1,4
hour of,2,1,7
am well,2,1,1
even from the,3,2,4
with them to the,4,1,1
that your,2,1,1
tenth,1,1,10
away and,2,1,4
bow,1,1,6
tents,1,5,9
while they,2,2,2
boy,1,3,1
took them,2,2,4
children of god,3,1,1
and there,2,28,17
high,1,8,6
for my,2,5,1
of it,2,11,2
cross,1,2,14
the covenant,2,2,1
the proud,2,1,2
lovely,1,1,1
accept,1,1,1
carried,1,1,14
the majestic,2,1,1
after these,2,1,4
raised,1,2,11
laying,1,4,1
cattle and,2,7,2
morning,1,20,13
enemies,1,2,15
threatened,1,1,1
inhabitants of the,3,2,5
thee the,2,3,2
found them,2,1,1
and as he,3,4,1
stone,1,7,4
less than the,3,1,2
and the people,3,1,13
was not a,3,2,1
stones,1,6,2
and repent of,3,2,1
the day of the,4,4,18
which he had,3,4,3
come to pass that,4,1,1
during the,2,2,2
filled with,2,4,1
those who were,3,1,6
doing,1,3,1
great were,2,1,7
were forced,2,1,1
is called the and,4,1,1
fled from,2,1,4
for they,2,14,30
repented of their,3,1,1
to his own,3,1,6
be overcome,2,1,3
stood,1,15,3
scene,1,3,1
your children,2,2,1
can not be,3,3,1
my heart,2,5,1
of which in,3,1,3
as a,2,3,21
water in,2,1,2
he moved with,3,1,1
the direction,2,1,1
as i,2,24,1
throughout,1,1,17
the order,2,1,2
at a time,3,1,1
that they were,3,9,3
friend,1,1,1
off and,2,3,3
the purpose of,3,2,1
in process of time,4,3,3
to pass that they,4,1,1
that of,2,2,1
as the,2,9,40
and all,2,35,20
to all,2,9,3
come into,2,3,1
of that,2,10,5
of noah,2,7,1
for thee,2,1,1
that on,2,1,4
place which,2,1,2
beloved,1,4,3
hearkened unto,2,4,2
at a,2,2,18
condemned,1,1,2
roar of,2,1,1
not far,2,1,1
were many,2,4,5
for them,2,6,9
wilderness and,2,1,1
the east and,3,2,3
fourth,1,5,13
at the,2,21,46
their hearts were,3,1,5
prophet in,2,3,1
the whole land of,4,2,2
of eden,2,10,1
send forth,2,1,1
among all nations,3,3,1
upper,1,2,4
work and,2,5,9
declare,1,3,1
overcome,1,2,12
whole face,2,3,4
was after,2,4,1
sun,1,6,20
they began,2,1,8
possession of,2,2,1
thousands who,2,1,1
time they,2,1,5
held the,2,1,1
of my,2,31,4
the times,2,1,1
lighted,1,1,5
this will,2,1,1
and smite,2,1,1
away by the,3,2,1
in the days of,4,5,10
in the bosom of,4,2,1
and though,2,3,1
light which,2,3,1
of no,2,1,3
will give unto,3,1,1
therefore the,2,1,4
that in,2,4,6
eyes of the,3,1,1
and and,2,3,17
now when,2,1,28
sins,1,12,1
out the,2,2,1
commanded by,2,1,35
once,1,2,2
therefore i,2,4,1
unto this day and,4,1,1
behold the,2,8,7
all the,2,68,32
sublime,1,1,1
first day,2,1,7
but,1,103,215
went forth,2,4,3
the hearts of the,4,2,6
go not,2,1,2
his eyes,2,2,1
the house,2,5,1
even unto the,3,3,3
like unto the,3,1,8
day when,2,3,7
written,1,5,26
again on the,3,2,1
the trees of the,4,2,1
we will,2,20,3
and smite them,3,1,1
known unto,2,3,2
day was,2,1,10
even as a man,4,1,2
the very,2,4,2
for this,2,4,5
when its,2,1,1
such things as,3,1,1
lord and he,3,3,1
of them,2,20,16
where they were,3,1,2
ones,1,4,2
destroy the,2,3,7
with whom,2,1,2
them and many,3,1,1
and there were many,4,1,2
the enemies of,3,1,13
a righteous,2,2,1
bosom of the,3,2,4
the plains of and,4,2,1
ponder,1,1,1
all manner of,3,1,3
are not,2,1,5
men that they,3,1,1
the four,2,3,1
instantly,1,1,1
time that,2,5,4
commanded by the,3,1,10
of old,2,1,3
those who,2,5,17
and the children of,4,2,1
shall not be,3,6,3
waters which,2,3,3
me and have,3,1,1
virtue,1,1,4
that there was no,4,2,1
time of,2,11,3
if thou wilt,3,2,2
commanded them,2,2,3
city of new york,4,2,3
from the face of the,5,2,1
battle against,2,1,6
them the,2,2,6
word of the,3,1,2
above the,2,13,1
them a,2,1,3
following,1,1,1
over again,2,1,1
thereof that,2,1,1
and came,2,2,3
as it was,3,6,1
and went upon the,4,2,1
upon the,2,64,136
the cock,2,1,1
with them,2,4,13
was lifted up,3,1,1
of good and,3,4,1
the bottom of,3,1,2
into the heart,3,1,3
the earth and,3,41,5
cease to,2,1,2
the heart of,3,2,6
from all,2,12,2
were seven,2,1,1
between,1,7,14
which had,2,3,7
of one,2,4,6
teeth,1,2,2
all things which,3,10,1
the head,2,1,2
around him,2,1,1
dreadful,1,1,22
sight,1,5,6
also and,2,3,1
wrath,1,1,3
the children of men,4,15,5
ruler over,2,2,1
the town of,3,1,8
would fain,2,1,1
saith the,2,2,1
of to,2,1,1
it not for,3,3,1
month of,2,3,16
lead,1,2,7
this wise,2,1,2
waters which were,3,3,1
informed,1,3,1
great wickedness,2,1,1
thereof is,2,1,2
cease,1,4,4
the burning,2,1,5
that we,2,9,3
of this,2,15,7
james,1,5,15
and in process of,4,1,1
man and he,3,1,2
they turned their,3,1,1
and thou shalt be,4,2,1
shall be the,3,5,2
as were,2,2,3
of us,2,1,1
earth and,2,46,5
the of,2,11,39
moved upon the face,4,1,1
the name of the first,5,1,1
the alert,2,1,2
the beginning of the,4,4,1
assert,1,1,1
answered and said,3,2,2
rulers,1,2,2
them that are,3,1,1
the waters,2,21,68
roar,1,1,3
in an instant,3,2,1
all nations,2,8,5
place,1,22,115
the that,2,2,1
word of the lord,4,1,2
heaven and the,3,5,1
own hands and,3,1,1
fled and,2,1,3
euphrates,1,1,1
descendant from,2,1,1
out upon,2,1,3
and they hearkened,3,1,1
and if ye,3,1,1
put it,2,3,1
blessed him,2,1,1
those days and the,4,1,1
towards,1,3,53
the words which,3,2,2
one thousand eight hundred and,5,4,8
safe,1,2,1
time to,2,3,5
the remainder,2,2,1
given to,2,2,7
story,1,2,1
the waters which,3,3,2
the old,2,2,4
not be,2,12,10
go before,2,1,1
flee and,2,1,1
to pass when,3,4,5
and he put,3,1,2
there on the,3,1,1
as one man,3,1,1
the fish of the sea,5,3,1
will give,2,7,1
rock,1,2,4
man could,2,2,1
them for their,3,1,3
before and,2,3,1
me even as,3,1,1
ready,1,3,8
justice,1,2,1
turned their,2,2,2
and the name of,4,5,15
commandment,1,8,2
village,1,1,11
will not,2,3,3
it was not,3,2,1
a certain day,3,1,2
received the,2,2,3
the light which,3,1,1
many days,2,1,10
not be lost,3,1,1
have not,2,1,2
accepted,1,1,2
of ontario,2,1,1
pass when the,3,2,2
he took,2,3,5
town of,2,1,12
received a,2,1,1
nations of the earth,4,1,7
a covenant,2,1,10
the whole face,3,3,4
the host of them,4,1,1
the second,2,8,14
who are the,3,1,1
belonging to,2,1,1
with my,2,2,2
and having,2,3,1
at each,2,2,1
arrival of,2,1,1
the one,2,2,18
then said,2,2,1
hard and,2,1,5
thou and,2,4,2
that they,2,37,35
there are,2,3,2
with me,2,15,1
of the wicked one,4,1,1
now at,2,1,1
can,1,21,8
now as,2,1,5
as there were,3,1,2
be said,2,1,3
the mouth of the,4,3,3
of the people of,4,2,34
and take away,3,1,1
that one,2,3,9
should,1,69,12
of the earth were,4,1,1
only,1,40,13
